/* generated by icons/mkicon.py from icons/retrowebradio.svg, RGBA */
#define RADIO_ICON_W 64
#define RADIO_ICON_H 64
static const unsigned char radio_icon_rgba[] = {
  0x00, 0x00, 0x00, 0x00, 0x00, 0x00, 0x00, 0x00, 0x00, 0x00, 0x00, 0x00, 0x00, 0x00, 0x00, 0x00,
  0x00, 0x00, 0x00, 0x00, 0x00, 0x00, 0x00, 0x00, 0x00, 0x00, 0x00, 0x00, 0x00, 0x00, 0x00, 0x00,
  0x00, 0x00, 0x00, 0x00, 0x00, 0x00, 0x00, 0x00, 0x00, 0x00, 0x00, 0x00, 0x00, 0x00, 0x00, 0x00,
  0x00, 0x00, 0x00, 0x00, 0x00, 0x00, 0x00, 0x00, 0x00, 0x00, 0x00, 0x00, 0x00, 0x00, 0x00, 0x00,
  0x00, 0x00, 0x00, 0x00, 0x00, 0x00, 0x00, 0x00, 0x00, 0x00, 0x00, 0x00, 0x00, 0x00, 0x00, 0x00,
  0x00, 0x00, 0x00, 0x00, 0x00, 0x00, 0x00, 0x00, 0x00, 0x00, 0x00, 0x00, 0x00, 0x00, 0x00, 0x00,
  0x00, 0x00, 0x00, 0x00, 0x00, 0x00, 0x00, 0x00, 0x00, 0x00, 0x00, 0x00, 0x00, 0x00, 0x00, 0x00,
  0x00, 0x00, 0x00, 0x00, 0x00, 0x00, 0x00, 0x00, 0x00, 0x00, 0x00, 0x00, 0x00, 0x00, 0x00, 0x00,
  0x00, 0x00, 0x00, 0x00, 0x00, 0x00, 0x00, 0x00, 0x00, 0x00, 0x00, 0x00, 0x00, 0x00, 0x00, 0x00,
  0x00, 0x00, 0x00, 0x00, 0x00, 0x00, 0x00, 0x00, 0x00, 0x00, 0x00, 0x00, 0x00, 0x00, 0x00, 0x00,
  0x00, 0x00, 0x00, 0x00, 0x00, 0x00, 0x00, 0x00, 0x00, 0x00, 0x00, 0x00, 0x00, 0x00, 0x00, 0x00,
  0x00, 0x00, 0x00, 0x00, 0x00, 0x00, 0x00, 0x00, 0x00, 0x00, 0x00, 0x00, 0x00, 0x00, 0x00, 0x00,
  0x00, 0x00, 0x00, 0x00, 0x00, 0x00, 0x00, 0x00, 0x00, 0x00, 0x00, 0x00, 0x00, 0x00, 0x00, 0x00,
  0x00, 0x00, 0x00, 0x00, 0x00, 0x00, 0x00, 0x00, 0x00, 0x00, 0x00, 0x00, 0x00, 0x00, 0x00, 0x00,
  0x00, 0x00, 0x00, 0x00, 0x00, 0x00, 0x00, 0x00, 0x00, 0x00, 0x00, 0x00, 0x00, 0x00, 0x00, 0x00,
  0x00, 0x00, 0x00, 0x00, 0x00, 0x00, 0x00, 0x00, 0x00, 0x00, 0x00, 0x00, 0x00, 0x00, 0x00, 0x00,
  0x00, 0x00, 0x00, 0x00, 0x00, 0x00, 0x00, 0x00, 0x00, 0x00, 0x00, 0x00, 0x00, 0x00, 0x00, 0x00,
  0x00, 0x00, 0x00, 0x00, 0x00, 0x00, 0x00, 0x00, 0x00, 0x00, 0x00, 0x00, 0x00, 0x00, 0x00, 0x00,
  0x00, 0x00, 0x00, 0x00, 0x00, 0x00, 0x00, 0x00, 0x00, 0x00, 0x00, 0x00, 0x00, 0x00, 0x00, 0x00,
  0x00, 0x00, 0x00, 0x00, 0x00, 0x00, 0x00, 0x00, 0x00, 0x00, 0x00, 0x00, 0x00, 0x00, 0x00, 0x00,
  0x00, 0x00, 0x00, 0x00, 0x00, 0x00, 0x00, 0x00, 0x00, 0x00, 0x00, 0x00, 0x00, 0x00, 0x00, 0x00,
  0x00, 0x00, 0x00, 0x00, 0x00, 0x00, 0x00, 0x00, 0x00, 0x00, 0x00, 0x00, 0x00, 0x00, 0x00, 0x00,
  0x00, 0x00, 0x00, 0x00, 0x00, 0x00, 0x00, 0x00, 0x00, 0x00, 0x00, 0x00, 0x00, 0x00, 0x00, 0x00,
  0x00, 0x00, 0x00, 0x00, 0x00, 0x00, 0x00, 0x00, 0x00, 0x00, 0x00, 0x00, 0x00, 0x00, 0x00, 0x00,
  0x00, 0x00, 0x00, 0x00, 0x00, 0x00, 0x00, 0x00, 0x00, 0x00, 0x00, 0x00, 0x00, 0x00, 0x00, 0x00,
  0x00, 0x00, 0x00, 0x00, 0x00, 0x00, 0x00, 0x00, 0x00, 0x00, 0x00, 0x00, 0x00, 0x00, 0x00, 0x00,
  0x00, 0x00, 0x00, 0x00, 0x00, 0x00, 0x00, 0x00, 0x00, 0x00, 0x00, 0x00, 0x00, 0x00, 0x00, 0x00,
  0x00, 0x00, 0x00, 0x00, 0x00, 0x00, 0x00, 0x00, 0x00, 0x00, 0x00, 0x00, 0x00, 0x00, 0x00, 0x00,
  0x00, 0x00, 0x00, 0x00, 0x00, 0x00, 0x00, 0x00, 0x00, 0x00, 0x00, 0x00, 0x00, 0x00, 0x00, 0x00,
  0x00, 0x00, 0x00, 0x00, 0x00, 0x00, 0x00, 0x00, 0x00, 0x00, 0x00, 0x00, 0x00, 0x00, 0x00, 0x00,
  0x00, 0x00, 0x00, 0x00, 0x00, 0x00, 0x00, 0x00, 0x00, 0x00, 0x00, 0x00, 0x00, 0x00, 0x00, 0x00,
  0x00, 0x00, 0x00, 0x00, 0x00, 0x00, 0x00, 0x00, 0x00, 0x00, 0x00, 0x00, 0x00, 0x00, 0x00, 0x00,
  0x00, 0x00, 0x00, 0x00, 0x00, 0x00, 0x00, 0x00, 0x00, 0x00, 0x00, 0x00, 0x00, 0x00, 0x00, 0x00,
  0x00, 0x00, 0x00, 0x00, 0x00, 0x00, 0x00, 0x00, 0x00, 0x00, 0x00, 0x00, 0x00, 0x00, 0x00, 0x00,
  0x00, 0x00, 0x00, 0x00, 0x00, 0x00, 0x00, 0x00, 0x00, 0x00, 0x00, 0x00, 0x00, 0x00, 0x00, 0x00,
  0x00, 0x00, 0x00, 0x00, 0x00, 0x00, 0x00, 0x00, 0x00, 0x00, 0x00, 0x00, 0x00, 0x00, 0x00, 0x00,
  0x00, 0x00, 0x00, 0x00, 0x00, 0x00, 0x00, 0x00, 0x00, 0x00, 0x00, 0x00, 0x00, 0x00, 0x00, 0x00,
  0x00, 0x00, 0x00, 0x00, 0x00, 0x00, 0x00, 0x00, 0x00, 0x00, 0x00, 0x00, 0x00, 0x00, 0x00, 0x00,
  0x00, 0x00, 0x00, 0x00, 0x00, 0x00, 0x00, 0x00, 0x00, 0x00, 0x00, 0x00, 0x00, 0x00, 0x00, 0x00,
  0x00, 0x00, 0x00, 0x00, 0x00, 0x00, 0x00, 0x00, 0x00, 0x00, 0x00, 0x00, 0x00, 0x00, 0x00, 0x00,
  0x00, 0x00, 0x00, 0x00, 0x00, 0x00, 0x00, 0x00, 0x00, 0x00, 0x00, 0x00, 0x00, 0x00, 0x00, 0x00,
  0x00, 0x00, 0x00, 0x00, 0x00, 0x00, 0x00, 0x00, 0x00, 0x00, 0x00, 0x00, 0x00, 0x00, 0x00, 0x00,
  0x00, 0x00, 0x00, 0x00, 0x00, 0x00, 0x00, 0x00, 0x00, 0x00, 0x00, 0x00, 0x00, 0x00, 0x00, 0x00,
  0x00, 0x00, 0x00, 0x00, 0x00, 0x00, 0x00, 0x00, 0x00, 0x00, 0x00, 0x00, 0x00, 0x00, 0x00, 0x00,
  0x00, 0x00, 0x00, 0x00, 0x00, 0x00, 0x00, 0x00, 0x00, 0x00, 0x00, 0x00, 0x00, 0x00, 0x00, 0x00,
  0x00, 0x00, 0x00, 0x00, 0x00, 0x00, 0x00, 0x00, 0x00, 0x00, 0x00, 0x00, 0x00, 0x00, 0x00, 0x00,
  0x00, 0x00, 0x00, 0x00, 0x00, 0x00, 0x00, 0x00, 0x00, 0x00, 0x00, 0x00, 0x00, 0x00, 0x00, 0x00,
  0x00, 0x00, 0x00, 0x00, 0x00, 0x00, 0x00, 0x00, 0x00, 0x00, 0x00, 0x00, 0x00, 0x00, 0x00, 0x00,
  0x00, 0x00, 0x00, 0x00, 0x00, 0x00, 0x00, 0x00, 0x00, 0x00, 0x00, 0x00, 0x00, 0x00, 0x00, 0x00,
  0x00, 0x00, 0x00, 0x00, 0x00, 0x00, 0x00, 0x00, 0x00, 0x00, 0x00, 0x00, 0x00, 0x00, 0x00, 0x00,
  0x00, 0x00, 0x00, 0x00, 0x00, 0x00, 0x00, 0x00, 0x00, 0x00, 0x00, 0x00, 0x00, 0x00, 0x00, 0x00,
  0x00, 0x00, 0x00, 0x00, 0x00, 0x00, 0x00, 0x00, 0x00, 0x00, 0x00, 0x00, 0x00, 0x00, 0x00, 0x00,
  0x00, 0x00, 0x00, 0x00, 0x00, 0x00, 0x00, 0x00, 0x00, 0x00, 0x00, 0x00, 0x00, 0x00, 0x00, 0x00,
  0x00, 0x00, 0x00, 0x00, 0x00, 0x00, 0x00, 0x00, 0x00, 0x00, 0x00, 0x00, 0x00, 0x00, 0x00, 0x00,
  0x00, 0x00, 0x00, 0x00, 0x00, 0x00, 0x00, 0x00, 0x00, 0x00, 0x00, 0x00, 0x00, 0x00, 0x00, 0x00,
  0x00, 0x00, 0x00, 0x00, 0x00, 0x00, 0x00, 0x00, 0x00, 0x00, 0x00, 0x00, 0x00, 0x00, 0x00, 0x00,
  0x00, 0x00, 0x00, 0x00, 0x00, 0x00, 0x00, 0x00, 0x00, 0x00, 0x00, 0x00, 0x00, 0x00, 0x00, 0x00,
  0x00, 0x00, 0x00, 0x00, 0x00, 0x00, 0x00, 0x00, 0x00, 0x00, 0x00, 0x00, 0x00, 0x00, 0x00, 0x00,
  0x00, 0x00, 0x00, 0x00, 0x00, 0x00, 0x00, 0x00, 0x00, 0x00, 0x00, 0x00, 0x00, 0x00, 0x00, 0x00,
  0x00, 0x00, 0x00, 0x00, 0x00, 0x00, 0x00, 0x00, 0x00, 0x00, 0x00, 0x00, 0x00, 0x00, 0x00, 0x00,
  0x00, 0x00, 0x00, 0x00, 0x00, 0x00, 0x00, 0x00, 0x00, 0x00, 0x00, 0x00, 0x00, 0x00, 0x00, 0x00,
  0x00, 0x00, 0x00, 0x00, 0x00, 0x00, 0x00, 0x00, 0x00, 0x00, 0x00, 0x00, 0x00, 0x00, 0x00, 0x00,
  0x00, 0x00, 0x00, 0x00, 0x00, 0x00, 0x00, 0x00, 0x00, 0x00, 0x00, 0x00, 0x00, 0x00, 0x00, 0x00,
  0x00, 0x00, 0x00, 0x00, 0x00, 0x00, 0x00, 0x00, 0x00, 0x00, 0x00, 0x00, 0x00, 0x00, 0x00, 0x00,
  0x00, 0x00, 0x00, 0x00, 0x00, 0x00, 0x00, 0x00, 0x00, 0x00, 0x00, 0x00, 0x00, 0x00, 0x00, 0x00,
  0x00, 0x00, 0x00, 0x00, 0x00, 0x00, 0x00, 0x00, 0x00, 0x00, 0x00, 0x00, 0x00, 0x00, 0x00, 0x00,
  0x00, 0x00, 0x00, 0x00, 0x00, 0x00, 0x00, 0x00, 0x00, 0x00, 0x00, 0x00, 0x22, 0x11, 0x11, 0x0f,
  0x2a, 0x15, 0x0a, 0x49, 0x2b, 0x13, 0x0a, 0x83, 0x2b, 0x14, 0x09, 0xa2, 0x29, 0x14, 0x0a, 0xb3,
  0x2a, 0x14, 0x0a, 0xc4, 0x2b, 0x14, 0x0a, 0xcc, 0x2b, 0x14, 0x0a, 0xcc, 0x2b, 0x14, 0x0a, 0xcc,
  0x2b, 0x14, 0x0a, 0xcc, 0x2b, 0x14, 0x0a, 0xcc, 0x2b, 0x14, 0x0a, 0xcc, 0x2b, 0x14, 0x0a, 0xcc,
  0x2b, 0x14, 0x0a, 0xcc, 0x2b, 0x14, 0x0a, 0xcc, 0x2b, 0x14, 0x0a, 0xcc, 0x2b, 0x14, 0x0a, 0xcc,
  0x2b, 0x14, 0x0a, 0xcc, 0x2b, 0x14, 0x0a, 0xcc, 0x2b, 0x14, 0x0a, 0xcc, 0x2b, 0x14, 0x0a, 0xcc,
  0x2b, 0x14, 0x0a, 0xcc, 0x2b, 0x14, 0x0a, 0xcc, 0x2b, 0x14, 0x0a, 0xcc, 0x2b, 0x14, 0x0a, 0xcc,
  0x2b, 0x14, 0x0a, 0xcc, 0x2b, 0x14, 0x0a, 0xcc, 0x2b, 0x14, 0x0a, 0xcc, 0x2b, 0x14, 0x0a, 0xcc,
  0x2b, 0x14, 0x0a, 0xcc, 0x2b, 0x14, 0x0a, 0xcc, 0x2b, 0x14, 0x0a, 0xcc, 0x2b, 0x14, 0x0a, 0xcc,
  0x2b, 0x14, 0x0a, 0xcc, 0x2b, 0x14, 0x0a, 0xcc, 0x2b, 0x14, 0x0a, 0xcc, 0x2a, 0x14, 0x0a, 0xc4,
  0x29, 0x14, 0x0a, 0xb3, 0x2b, 0x14, 0x09, 0xa2, 0x29, 0x14, 0x0a, 0x82, 0x2a, 0x15, 0x0b, 0x48,
  0x24, 0x12, 0x12, 0x0e, 0x00, 0x00, 0x00, 0x00, 0x00, 0x00, 0x00, 0x00, 0x00, 0x00, 0x00, 0x00,
  0x00, 0x00, 0x00, 0x00, 0x00, 0x00, 0x00, 0x00, 0x00, 0x00, 0x00, 0x00, 0x00, 0x00, 0x00, 0x00,
  0x00, 0x00, 0x00, 0x00, 0x00, 0x00, 0x00, 0x00, 0x00, 0x00, 0x00, 0x00, 0x00, 0x00, 0x00, 0x00,
  0x00, 0x00, 0x00, 0x00, 0x00, 0x00, 0x00, 0x00, 0x00, 0x00, 0x00, 0x00, 0x00, 0x00, 0x00, 0x00,
  0x00, 0x00, 0x00, 0x00, 0x00, 0x00, 0x00, 0x00, 0x00, 0x00, 0x00, 0x00, 0x00, 0x00, 0x00, 0x00,
  0x00, 0x00, 0x00, 0x00, 0x29, 0x15, 0x08, 0x3e, 0x2a, 0x14, 0x0a, 0xb2, 0x2a, 0x14, 0x0a, 0xfd,
  0x2a, 0x14, 0x0a, 0xff, 0x2a, 0x14, 0x0a, 0xff, 0x2d, 0x16, 0x0b, 0xfe, 0x35, 0x1b, 0x0d, 0xfc,
  0x3b, 0x20, 0x10, 0xfe, 0x40, 0x23, 0x12, 0xff, 0x40, 0x23, 0x12, 0xff, 0x3f, 0x23, 0x12, 0xff,
  0x3f, 0x23, 0x12, 0xff, 0x3f, 0x23, 0x12, 0xff, 0x3f, 0x23, 0x12, 0xff, 0x3f, 0x23, 0x12, 0xff,
  0x3f, 0x23, 0x11, 0xff, 0x3f, 0x23, 0x11, 0xff, 0x3f, 0x23, 0x11, 0xff, 0x3f, 0x23, 0x11, 0xff,
  0x3f, 0x23, 0x11, 0xff, 0x3f, 0x22, 0x11, 0xff, 0x3e, 0x22, 0x11, 0xff, 0x3e, 0x22, 0x11, 0xff,
  0x3e, 0x22, 0x11, 0xff, 0x3e, 0x22, 0x11, 0xff, 0x3e, 0x22, 0x11, 0xff, 0x3e, 0x22, 0x11, 0xff,
  0x3e, 0x22, 0x11, 0xff, 0x3e, 0x22, 0x11, 0xff, 0x3e, 0x22, 0x11, 0xff, 0x3e, 0x22, 0x11, 0xff,
  0x3e, 0x22, 0x11, 0xff, 0x3e, 0x22, 0x11, 0xff, 0x3d, 0x21, 0x11, 0xff, 0x3d, 0x21, 0x11, 0xff,
  0x3d, 0x21, 0x11, 0xff, 0x3d, 0x21, 0x11, 0xff, 0x3d, 0x21, 0x11, 0xff, 0x39, 0x1f, 0x0f, 0xfe,
  0x33, 0x1a, 0x0d, 0xfc, 0x2d, 0x16, 0x0b, 0xfe, 0x2a, 0x14, 0x0a, 0xff, 0x2a, 0x14, 0x0a, 0xff,
  0x2a, 0x14, 0x0a, 0xfd, 0x2a, 0x14, 0x0a, 0xb0, 0x2a, 0x15, 0x08, 0x3d, 0x00, 0x00, 0x00, 0x00,
  0x00, 0x00, 0x00, 0x00, 0x00, 0x00, 0x00, 0x00, 0x00, 0x00, 0x00, 0x00, 0x00, 0x00, 0x00, 0x00,
  0x00, 0x00, 0x00, 0x00, 0x00, 0x00, 0x00, 0x00, 0x00, 0x00, 0x00, 0x00, 0x00, 0x00, 0x00, 0x00,
  0x00, 0x00, 0x00, 0x00, 0x00, 0x00, 0x00, 0x00, 0x00, 0x00, 0x00, 0x00, 0x00, 0x00, 0x00, 0x00,
  0x00, 0x00, 0x00, 0x00, 0x00, 0x00, 0x00, 0x00, 0x00, 0x00, 0x00, 0x00, 0x26, 0x1a, 0x0d, 0x14,
  0x2a, 0x13, 0x0a, 0xb8, 0x2a, 0x14, 0x0a, 0xff, 0x2d, 0x16, 0x0b, 0xfd, 0x54, 0x32, 0x19, 0xff,
  0x70, 0x46, 0x24, 0xff, 0x88, 0x58, 0x2d, 0xff, 0x95, 0x61, 0x31, 0xff, 0x94, 0x61, 0x31, 0xff,
  0x94, 0x61, 0x31, 0xff, 0x94, 0x60, 0x31, 0xff, 0x93, 0x60, 0x31, 0xff, 0x93, 0x60, 0x30, 0xff,
  0x92, 0x5f, 0x30, 0xff, 0x92, 0x5f, 0x30, 0xff, 0x91, 0x5e, 0x30, 0xff, 0x91, 0x5e, 0x2f, 0xff,
  0x91, 0x5e, 0x2f, 0xff, 0x90, 0x5d, 0x2f, 0xff, 0x90, 0x5d, 0x2f, 0xff, 0x8f, 0x5d, 0x2f, 0xff,
  0x8f, 0x5c, 0x2e, 0xff, 0x8e, 0x5c, 0x2e, 0xff, 0x8e, 0x5b, 0x2e, 0xff, 0x8e, 0x5b, 0x2e, 0xff,
  0x8d, 0x5b, 0x2e, 0xff, 0x8d, 0x5a, 0x2d, 0xff, 0x8c, 0x5a, 0x2d, 0xff, 0x8c, 0x5a, 0x2d, 0xff,
  0x8b, 0x59, 0x2d, 0xff, 0x8b, 0x59, 0x2c, 0xff, 0x8b, 0x58, 0x2c, 0xff, 0x8a, 0x58, 0x2c, 0xff,
  0x8a, 0x58, 0x2c, 0xff, 0x89, 0x57, 0x2c, 0xff, 0x89, 0x57, 0x2b, 0xff, 0x88, 0x57, 0x2b, 0xff,
  0x88, 0x56, 0x2b, 0xff, 0x88, 0x56, 0x2b, 0xff, 0x87, 0x55, 0x2b, 0xff, 0x87, 0x55, 0x2a, 0xff,
  0x86, 0x55, 0x2a, 0xff, 0x86, 0x54, 0x2a, 0xff, 0x7a, 0x4c, 0x26, 0xff, 0x65, 0x3d, 0x1f, 0xff,
  0x4d, 0x2c, 0x16, 0xff, 0x2c, 0x15, 0x0b, 0xfe, 0x2a, 0x14, 0x0a, 0xff, 0x2a, 0x14, 0x0a, 0xb6,
  0x28, 0x0d, 0x0d, 0x13, 0x00, 0x00, 0x00, 0x00, 0x00, 0x00, 0x00, 0x00, 0x00, 0x00, 0x00, 0x00,
  0x00, 0x00, 0x00, 0x00, 0x00, 0x00, 0x00, 0x00, 0x00, 0x00, 0x00, 0x00, 0x00, 0x00, 0x00, 0x00,
  0x00, 0x00, 0x00, 0x00, 0x00, 0x00, 0x00, 0x00, 0x00, 0x00, 0x00, 0x00, 0x00, 0x00, 0x00, 0x00,
  0x00, 0x00, 0x00, 0x00, 0x00, 0x00, 0x00, 0x00, 0x2c, 0x16, 0x0b, 0x2e, 0x2b, 0x15, 0x0a, 0xe3,
  0x2b, 0x15, 0x0a, 0xfe, 0x5c, 0x38, 0x1c, 0xff, 0x8d, 0x5d, 0x2f, 0xff, 0x96, 0x62, 0x32, 0xff,
  0x95, 0x62, 0x32, 0xff, 0x95, 0x61, 0x31, 0xff, 0x94, 0x61, 0x31, 0xff, 0x94, 0x61, 0x31, 0xff,
  0x94, 0x60, 0x31, 0xff, 0x93, 0x60, 0x31, 0xff, 0x93, 0x60, 0x30, 0xff, 0x92, 0x5f, 0x30, 0xff,
  0x92, 0x5f, 0x30, 0xff, 0x91, 0x5e, 0x30, 0xff, 0x91, 0x5e, 0x2f, 0xff, 0x91, 0x5e, 0x2f, 0xff,
  0x90, 0x5d, 0x2f, 0xff, 0x90, 0x5d, 0x2f, 0xff, 0x8f, 0x5d, 0x2f, 0xff, 0x8f, 0x5c, 0x2e, 0xff,
  0x8e, 0x5c, 0x2e, 0xff, 0x8e, 0x5b, 0x2e, 0xff, 0x8e, 0x5b, 0x2e, 0xff, 0x8d, 0x5b, 0x2e, 0xff,
  0x8d, 0x5a, 0x2d, 0xff, 0x8c, 0x5a, 0x2d, 0xff, 0x8c, 0x5a, 0x2d, 0xff, 0x8b, 0x59, 0x2d, 0xff,
  0x8b, 0x59, 0x2c, 0xff, 0x8b, 0x58, 0x2c, 0xff, 0x8a, 0x58, 0x2c, 0xff, 0x8a, 0x58, 0x2c, 0xff,
  0x89, 0x57, 0x2c, 0xff, 0x89, 0x57, 0x2b, 0xff, 0x88, 0x57, 0x2b, 0xff, 0x88, 0x56, 0x2b, 0xff,
  0x88, 0x56, 0x2b, 0xff, 0x87, 0x55, 0x2b, 0xff, 0x87, 0x55, 0x2a, 0xff, 0x86, 0x55, 0x2a, 0xff,
  0x86, 0x54, 0x2a, 0xff, 0x85, 0x54, 0x2a, 0xff, 0x85, 0x54, 0x29, 0xff, 0x85, 0x53, 0x29, 0xff,
  0x84, 0x53, 0x29, 0xff, 0x7d, 0x4d, 0x26, 0xff, 0x52, 0x30, 0x17, 0xff, 0x2b, 0x14, 0x0a, 0xfe,
  0x2b, 0x15, 0x0a, 0xe3, 0x28, 0x17, 0x0b, 0x2d, 0x00, 0x00, 0x00, 0x00, 0x00, 0x00, 0x00, 0x00,
  0x00, 0x00, 0x00, 0x00, 0x00, 0x00, 0x00, 0x00, 0x00, 0x00, 0x00, 0x00, 0x00, 0x00, 0x00, 0x00,
  0x00, 0x00, 0x00, 0x00, 0x00, 0x00, 0x00, 0x00, 0x00, 0x00, 0x00, 0x00, 0x00, 0x00, 0x00, 0x00,
  0x00, 0x00, 0x00, 0x00, 0x26, 0x1a, 0x0d, 0x14, 0x2b, 0x15, 0x0a, 0xe3, 0x2f, 0x18, 0x0c, 0xfd,
  0x78, 0x4d, 0x27, 0xff, 0x96, 0x63, 0x32, 0xff, 0x96, 0x62, 0x32, 0xff, 0x95, 0x62, 0x32, 0xff,
  0x95, 0x61, 0x31, 0xff, 0x94, 0x61, 0x31, 0xff, 0x94, 0x61, 0x31, 0xff, 0x93, 0x60, 0x31, 0xff,
  0x93, 0x60, 0x31, 0xff, 0x93, 0x60, 0x30, 0xff, 0x92, 0x5f, 0x30, 0xff, 0x92, 0x5f, 0x30, 0xff,
  0x91, 0x5e, 0x30, 0xff, 0x91, 0x5e, 0x2f, 0xff, 0x90, 0x5e, 0x2f, 0xff, 0x90, 0x5d, 0x2f, 0xff,
  0x90, 0x5d, 0x2f, 0xff, 0x8f, 0x5d, 0x2f, 0xff, 0x8f, 0x5c, 0x2e, 0xff, 0x8e, 0x5c, 0x2e, 0xff,
  0x8e, 0x5b, 0x2e, 0xff, 0x8d, 0x5b, 0x2e, 0xff, 0x8d, 0x5b, 0x2e, 0xff, 0x8d, 0x5a, 0x2d, 0xff,
  0x8c, 0x5a, 0x2d, 0xff, 0x8c, 0x5a, 0x2d, 0xff, 0x8b, 0x59, 0x2d, 0xff, 0x8b, 0x59, 0x2c, 0xff,
  0x8a, 0x58, 0x2c, 0xff, 0x8a, 0x58, 0x2c, 0xff, 0x8a, 0x58, 0x2c, 0xff, 0x89, 0x57, 0x2c, 0xff,
  0x89, 0x57, 0x2b, 0xff, 0x88, 0x57, 0x2b, 0xff, 0x88, 0x56, 0x2b, 0xff, 0x87, 0x56, 0x2b, 0xff,
  0x87, 0x55, 0x2b, 0xff, 0x87, 0x55, 0x2a, 0xff, 0x86, 0x55, 0x2a, 0xff, 0x86, 0x54, 0x2a, 0xff,
  0x85, 0x54, 0x2a, 0xff, 0x85, 0x54, 0x29, 0xff, 0x84, 0x53, 0x29, 0xff, 0x84, 0x53, 0x29, 0xff,
  0x84, 0x52, 0x29, 0xff, 0x83, 0x52, 0x29, 0xff, 0x83, 0x52, 0x28, 0xff, 0x68, 0x3f, 0x1f, 0xff,
  0x2f, 0x17, 0x0b, 0xfd, 0x2b, 0x15, 0x0a, 0xe2, 0x28, 0x0d, 0x0d, 0x13, 0x00, 0x00, 0x00, 0x00,
  0x00, 0x00, 0x00, 0x00, 0x00, 0x00, 0x00, 0x00, 0x00, 0x00, 0x00, 0x00, 0x00, 0x00, 0x00, 0x00,
  0x00, 0x00, 0x00, 0x00, 0x00, 0x00, 0x00, 0x00, 0x00, 0x00, 0x00, 0x00, 0x00, 0x00, 0x00, 0x00,
  0x00, 0x00, 0x00, 0x00, 0x29, 0x13, 0x0a, 0xb9, 0x2b, 0x15, 0x0a, 0xfe, 0x78, 0x4d, 0x27, 0xff,
  0x96, 0x63, 0x32, 0xff, 0x96, 0x62, 0x32, 0xff, 0x95, 0x62, 0x32, 0xff, 0x95, 0x61, 0x31, 0xff,
  0x94, 0x61, 0x31, 0xff, 0x94, 0x61, 0x31, 0xff, 0x93, 0x60, 0x31, 0xff, 0x93, 0x60, 0x31, 0xff,
  0x93, 0x60, 0x30, 0xff, 0x92, 0x5f, 0x30, 0xff, 0x92, 0x5f, 0x30, 0xff, 0x91, 0x5e, 0x30, 0xff,
  0x91, 0x5e, 0x2f, 0xff, 0x90, 0x5e, 0x2f, 0xff, 0x90, 0x5d, 0x2f, 0xff, 0x90, 0x5d, 0x2f, 0xff,
  0x8f, 0x5d, 0x2f, 0xff, 0x8f, 0x5c, 0x2e, 0xff, 0x8e, 0x5c, 0x2e, 0xff, 0x8e, 0x5b, 0x2e, 0xff,
  0x8d, 0x5b, 0x2e, 0xff, 0x8d, 0x5b, 0x2e, 0xff, 0x8d, 0x5a, 0x2d, 0xff, 0x8c, 0x5a, 0x2d, 0xff,
  0x8c, 0x5a, 0x2d, 0xff, 0x8b, 0x59, 0x2d, 0xff, 0x8b, 0x59, 0x2c, 0xff, 0x8a, 0x58, 0x2c, 0xff,
  0x8a, 0x58, 0x2c, 0xff, 0x8a, 0x58, 0x2c, 0xff, 0x89, 0x57, 0x2c, 0xff, 0x89, 0x57, 0x2b, 0xff,
  0x88, 0x57, 0x2b, 0xff, 0x88, 0x56, 0x2b, 0xff, 0x87, 0x56, 0x2b, 0xff, 0x87, 0x55, 0x2b, 0xff,
  0x87, 0x55, 0x2a, 0xff, 0x86, 0x55, 0x2a, 0xff, 0x86, 0x54, 0x2a, 0xff, 0x85, 0x54, 0x2a, 0xff,
  0x85, 0x54, 0x29, 0xff, 0x84, 0x53, 0x29, 0xff, 0x84, 0x53, 0x29, 0xff, 0x84, 0x52, 0x29, 0xff,
  0x83, 0x52, 0x29, 0xff, 0x83, 0x52, 0x28, 0xff, 0x82, 0x51, 0x28, 0xff, 0x82, 0x51, 0x28, 0xff,
  0x67, 0x3f, 0x1f, 0xff, 0x2b, 0x14, 0x0a, 0xfe, 0x2b, 0x14, 0x0a, 0xb6, 0x00, 0x00, 0x00, 0x00,
  0x00, 0x00, 0x00, 0x00, 0x00, 0x00, 0x00, 0x00, 0x00, 0x00, 0x00, 0x00, 0x00, 0x00, 0x00, 0x00,
  0x00, 0x00, 0x00, 0x00, 0x00, 0x00, 0x00, 0x00, 0x00, 0x00, 0x00, 0x00, 0x00, 0x00, 0x00, 0x00,
  0x29, 0x15, 0x08, 0x3e, 0x2a, 0x14, 0x0a, 0xff, 0x5c, 0x38, 0x1c, 0xff, 0x96, 0x63, 0x32, 0xff,
  0x96, 0x62, 0x32, 0xff, 0x95, 0x62, 0x32, 0xff, 0x95, 0x61, 0x31, 0xff, 0x8b, 0x5a, 0x2d, 0xff,
  0x62, 0x39, 0x1c, 0xff, 0x4d, 0x28, 0x13, 0xff, 0x4a, 0x25, 0x12, 0xff, 0x4a, 0x25, 0x12, 0xff,
  0x4a, 0x25, 0x12, 0xff, 0x4a, 0x25, 0x12, 0xff, 0x4a, 0x25, 0x12, 0xff, 0x4a, 0x25, 0x12, 0xff,
  0x4a, 0x25, 0x12, 0xff, 0x4a, 0x25, 0x12, 0xff, 0x4a, 0x25, 0x12, 0xff, 0x4a, 0x25, 0x12, 0xff,
  0x4a, 0x25, 0x12, 0xff, 0x4a, 0x25, 0x12, 0xff, 0x4a, 0x25, 0x12, 0xff, 0x4a, 0x25, 0x12, 0xff,
  0x4a, 0x25, 0x12, 0xff, 0x4a, 0x25, 0x12, 0xff, 0x4a, 0x25, 0x12, 0xff, 0x4a, 0x25, 0x12, 0xff,
  0x4a, 0x25, 0x12, 0xff, 0x4a, 0x25, 0x12, 0xff, 0x4a, 0x25, 0x12, 0xff, 0x4a, 0x25, 0x12, 0xff,
  0x4a, 0x25, 0x12, 0xff, 0x4a, 0x25, 0x12, 0xff, 0x4a, 0x25, 0x12, 0xff, 0x4a, 0x25, 0x12, 0xff,
  0x4a, 0x25, 0x12, 0xff, 0x4a, 0x25, 0x12, 0xff, 0x4a, 0x25, 0x12, 0xff, 0x4a, 0x25, 0x12, 0xff,
  0x4a, 0x25, 0x12, 0xff, 0x4a, 0x25, 0x12, 0xff, 0x4a, 0x25, 0x12, 0xff, 0x4a, 0x25, 0x12, 0xff,
  0x4a, 0x25, 0x12, 0xff, 0x4a, 0x25, 0x12, 0xff, 0x4d, 0x27, 0x13, 0xff, 0x5c, 0x33, 0x19, 0xff,
  0x7a, 0x4b, 0x25, 0xff, 0x82, 0x51, 0x28, 0xff, 0x82, 0x51, 0x28, 0xff, 0x81, 0x51, 0x28, 0xff,
  0x81, 0x50, 0x28, 0xff, 0x51, 0x2f, 0x17, 0xff, 0x2a, 0x14, 0x0a, 0xff, 0x2b, 0x16, 0x09, 0x3b,
  0x00, 0x00, 0x00, 0x00, 0x00, 0x00, 0x00, 0x00, 0x00, 0x00, 0x00, 0x00, 0x00, 0x00, 0x00, 0x00,
  0x00, 0x00, 0x00, 0x00, 0x00, 0x00, 0x00, 0x00, 0x00, 0x00, 0x00, 0x00, 0x00, 0x00, 0x00, 0x00,
  0x2a, 0x14, 0x0a, 0xb2, 0x2d, 0x16, 0x0b, 0xfe, 0x8c, 0x5b, 0x2e, 0xff, 0x96, 0x62, 0x32, 0xff,
  0x95, 0x62, 0x32, 0xff, 0x95, 0x61, 0x31, 0xff, 0x8b, 0x5a, 0x2d, 0xff, 0x4f, 0x29, 0x14, 0xff,
  0x4c, 0x27, 0x13, 0xff, 0x60, 0x3b, 0x1d, 0xff, 0x63, 0x3f, 0x1e, 0xff, 0x63, 0x3f, 0x1e, 0xff,
  0x63, 0x3f, 0x1e, 0xff, 0x63, 0x3f, 0x1e, 0xff, 0x63, 0x3f, 0x1e, 0xff, 0x63, 0x3f, 0x1e, 0xff,
  0x63, 0x3f, 0x1e, 0xff, 0x63, 0x3f, 0x1e, 0xff, 0x63, 0x3f, 0x1e, 0xff, 0x63, 0x3f, 0x1e, 0xff,
  0x63, 0x3f, 0x1e, 0xff, 0x63, 0x3f, 0x1e, 0xff, 0x63, 0x3f, 0x1e, 0xff, 0x63, 0x3f, 0x1e, 0xff,
  0x63, 0x3f, 0x1e, 0xff, 0x63, 0x3f, 0x1e, 0xff, 0x63, 0x3f, 0x1e, 0xff, 0x63, 0x3f, 0x1e, 0xff,
  0x63, 0x3f, 0x1e, 0xff, 0x63, 0x3f, 0x1e, 0xff, 0x63, 0x3f, 0x1e, 0xff, 0x63, 0x3f, 0x1e, 0xff,
  0x63, 0x3f, 0x1e, 0xff, 0x63, 0x3f, 0x1e, 0xff, 0x63, 0x3f, 0x1e, 0xff, 0x63, 0x3f, 0x1e, 0xff,
  0x63, 0x3f, 0x1e, 0xff, 0x63, 0x3f, 0x1e, 0xff, 0x63, 0x3f, 0x1e, 0xff, 0x63, 0x3f, 0x1e, 0xff,
  0x63, 0x3f, 0x1e, 0xff, 0x63, 0x3f, 0x1e, 0xff, 0x63, 0x3f, 0x1e, 0xff, 0x63, 0x3f, 0x1e, 0xff,
  0x63, 0x3f, 0x1e, 0xff, 0x63, 0x3f, 0x1e, 0xff, 0x60, 0x3b, 0x1d, 0xff, 0x4c, 0x27, 0x13, 0xff,
  0x4e, 0x28, 0x14, 0xff, 0x7b, 0x4c, 0x25, 0xff, 0x81, 0x50, 0x28, 0xff, 0x81, 0x50, 0x27, 0xff,
  0x81, 0x50, 0x27, 0xff, 0x79, 0x4a, 0x25, 0xff, 0x2d, 0x15, 0x0b, 0xfd, 0x2a, 0x14, 0x0a, 0xaf,
  0x00, 0x00, 0x00, 0x00, 0x00, 0x00, 0x00, 0x00, 0x00, 0x00, 0x00, 0x00, 0x00, 0x00, 0x00, 0x00,
  0x00, 0x00, 0x00, 0x00, 0x00, 0x00, 0x00, 0x00, 0x00, 0x00, 0x00, 0x00, 0x22, 0x11, 0x11, 0x0f,
  0x2a, 0x14, 0x0a, 0xfd, 0x54, 0x32, 0x19, 0xff, 0x96, 0x62, 0x32, 0xff, 0x95, 0x62, 0x32, 0xff,
  0x95, 0x61, 0x31, 0xff, 0x94, 0x61, 0x31, 0xff, 0x62, 0x39, 0x1c, 0xff, 0x4d, 0x27, 0x14, 0xff,
  0xad, 0x87, 0x44, 0xff, 0xc9, 0xa3, 0x52, 0xff, 0xc9, 0xa3, 0x52, 0xff, 0xc9, 0xa3, 0x52, 0xff,
  0xc9, 0xa3, 0x52, 0xff, 0xc9, 0xa3, 0x52, 0xff, 0xc9, 0xa3, 0x52, 0xff, 0xc9, 0xa3, 0x52, 0xff,
  0xc9, 0xa3, 0x52, 0xff, 0xc9, 0xa3, 0x52, 0xff, 0xc9, 0xa3, 0x52, 0xff, 0xc9, 0xa3, 0x52, 0xff,
  0xc9, 0xa3, 0x52, 0xff, 0xc9, 0xa3, 0x52, 0xff, 0xc9, 0xa3, 0x52, 0xff, 0xc9, 0xa3, 0x52, 0xff,
  0xc9, 0xa3, 0x52, 0xff, 0xc9, 0xa3, 0x52, 0xff, 0xc9, 0xa3, 0x52, 0xff, 0xc9, 0xa3, 0x52, 0xff,
  0xc9, 0xa3, 0x52, 0xff, 0xc9, 0xa3, 0x52, 0xff, 0xc9, 0xa3, 0x52, 0xff, 0xc9, 0xa3, 0x52, 0xff,
  0xc9, 0xa3, 0x52, 0xff, 0xc9, 0xa3, 0x52, 0xff, 0xc9, 0xa3, 0x52, 0xff, 0xc9, 0xa3, 0x52, 0xff,
  0xc9, 0xa3, 0x52, 0xff, 0xc9, 0xa3, 0x52, 0xff, 0xc9, 0xa3, 0x52, 0xff, 0xc9, 0xa3, 0x52, 0xff,
  0xc9, 0xa3, 0x52, 0xff, 0xc9, 0xa3, 0x52, 0xff, 0xc9, 0xa3, 0x52, 0xff, 0xc9, 0xa3, 0x52, 0xff,
  0xc9, 0xa3, 0x52, 0xff, 0xc9, 0xa3, 0x52, 0xff, 0xc9, 0xa3, 0x52, 0xff, 0xac, 0x86, 0x44, 0xff,
  0x4c, 0x27, 0x13, 0xff, 0x5c, 0x34, 0x19, 0xff, 0x81, 0x50, 0x27, 0xff, 0x81, 0x50, 0x27, 0xff,
  0x80, 0x4f, 0x27, 0xff, 0x80, 0x4f, 0x27, 0xff, 0x4a, 0x2a, 0x15, 0xff, 0x2a, 0x14, 0x0a, 0xfd,
  0x24, 0x12, 0x12, 0x0e, 0x00, 0x00, 0x00, 0x00, 0x00, 0x00, 0x00, 0x00, 0x00, 0x00, 0x00, 0x00,
  0x00, 0x00, 0x00, 0x00, 0x00, 0x00, 0x00, 0x00, 0x00, 0x00, 0x00, 0x00, 0x2a, 0x15, 0x0a, 0x49,
  0x2a, 0x14, 0x0a, 0xff, 0x70, 0x47, 0x24, 0xff, 0x95, 0x62, 0x32, 0xff, 0x95, 0x61, 0x31, 0xff,
  0x94, 0x61, 0x31, 0xff, 0x94, 0x61, 0x31, 0xff, 0x4d, 0x28, 0x13, 0xff, 0x60, 0x3b, 0x1d, 0xff,
  0xc9, 0xa3, 0x52, 0xff, 0x4c, 0x3d, 0x1f, 0xff, 0x28, 0x21, 0x10, 0xff, 0x28, 0x21, 0x10, 0xff,
  0x28, 0x21, 0x10, 0xff, 0x28, 0x21, 0x10, 0xff, 0x23, 0x2b, 0x12, 0xff, 0x23, 0x2b, 0x12, 0xff,
  0x28, 0x21, 0x10, 0xff, 0x28, 0x21, 0x10, 0xff, 0x28, 0x21, 0x10, 0xff, 0x28, 0x21, 0x10, 0xff,
  0x28, 0x21, 0x10, 0xff, 0x23, 0x2b, 0x12, 0xff, 0x23, 0x2b, 0x12, 0xff, 0x53, 0x32, 0x0d, 0xff,
  0x94, 0x4c, 0x08, 0xff, 0x53, 0x32, 0x0d, 0xff, 0x28, 0x21, 0x10, 0xff, 0x28, 0x21, 0x10, 0xff,
  0x23, 0x2b, 0x12, 0xff, 0x23, 0x2b, 0x12, 0xff, 0x28, 0x21, 0x10, 0xff, 0x28, 0x21, 0x10, 0xff,
  0x28, 0x21, 0x10, 0xff, 0x28, 0x21, 0x10, 0xff, 0x28, 0x21, 0x10, 0xff, 0x23, 0x2b, 0x12, 0xff,
  0x23, 0x2b, 0x12, 0xff, 0x28, 0x21, 0x10, 0xff, 0x28, 0x21, 0x10, 0xff, 0x28, 0x21, 0x10, 0xff,
  0x28, 0x21, 0x10, 0xff, 0x28, 0x21, 0x10, 0xff, 0x23, 0x2b, 0x12, 0xff, 0x23, 0x2b, 0x12, 0xff,
  0x28, 0x21, 0x10, 0xff, 0x28, 0x21, 0x10, 0xff, 0x4c, 0x3e, 0x1f, 0xff, 0xc9, 0xa3, 0x52, 0xff,
  0x60, 0x3b, 0x1d, 0xff, 0x4d, 0x27, 0x13, 0xff, 0x81, 0x50, 0x27, 0xff, 0x80, 0x4f, 0x27, 0xff,
  0x80, 0x4f, 0x27, 0xff, 0x7f, 0x4f, 0x27, 0xff, 0x61, 0x39, 0x1c, 0xff, 0x2a, 0x14, 0x0a, 0xff,
  0x2c, 0x12, 0x0b, 0x46, 0x00, 0x00, 0x00, 0x00, 0x00, 0x00, 0x00, 0x00, 0x00, 0x00, 0x00, 0x00,
  0x00, 0x00, 0x00, 0x00, 0x00, 0x00, 0x00, 0x00, 0x00, 0x00, 0x00, 0x00, 0x2b, 0x13, 0x0a, 0x83,
  0x2a, 0x14, 0x0a, 0xff, 0x88, 0x58, 0x2d, 0xff, 0x95, 0x61, 0x31, 0xff, 0x94, 0x61, 0x31, 0xff,
  0x94, 0x61, 0x31, 0xff, 0x93, 0x60, 0x31, 0xff, 0x4a, 0x25, 0x12, 0xff, 0x63, 0x3f, 0x1e, 0xff,
  0xc9, 0xa3, 0x52, 0xff, 0x28, 0x21, 0x10, 0xff, 0x00, 0x00, 0x00, 0xff, 0x00, 0x00, 0x00, 0xff,
  0x00, 0x00, 0x00, 0xff, 0x00, 0x00, 0x00, 0xff, 0x05, 0x20, 0x09, 0xff, 0x05, 0x20, 0x09, 0xff,
  0x00, 0x00, 0x00, 0xff, 0x00, 0x00, 0x00, 0xff, 0x00, 0x00, 0x00, 0xff, 0x00, 0x00, 0x00, 0xff,
  0x00, 0x00, 0x00, 0xff, 0x05, 0x20, 0x09, 0xff, 0x05, 0x20, 0x09, 0xff, 0x66, 0x30, 0x00, 0xff,
  0xff, 0x77, 0x00, 0xff, 0x66, 0x30, 0x00, 0xff, 0x00, 0x00, 0x00, 0xff, 0x00, 0x00, 0x00, 0xff,
  0x05, 0x20, 0x09, 0xff, 0x05, 0x20, 0x09, 0xff, 0x00, 0x00, 0x00, 0xff, 0x00, 0x00, 0x00, 0xff,
  0x00, 0x00, 0x00, 0xff, 0x00, 0x00, 0x00, 0xff, 0x00, 0x00, 0x00, 0xff, 0x05, 0x20, 0x09, 0xff,
  0x05, 0x20, 0x09, 0xff, 0x00, 0x00, 0x00, 0xff, 0x00, 0x00, 0x00, 0xff, 0x00, 0x00, 0x00, 0xff,
  0x00, 0x00, 0x00, 0xff, 0x00, 0x00, 0x00, 0xff, 0x05, 0x20, 0x09, 0xff, 0x05, 0x20, 0x09, 0xff,
  0x00, 0x00, 0x00, 0xff, 0x00, 0x00, 0x00, 0xff, 0x28, 0x21, 0x10, 0xff, 0xc9, 0xa3, 0x52, 0xff,
  0x63, 0x3f, 0x1e, 0xff, 0x4a, 0x25, 0x12, 0xff, 0x80, 0x4f, 0x27, 0xff, 0x80, 0x4f, 0x27, 0xff,
  0x7f, 0x4f, 0x27, 0xff, 0x7f, 0x4e, 0x26, 0xff, 0x73, 0x47, 0x22, 0xff, 0x2a, 0x14, 0x0a, 0xff,
  0x2a, 0x14, 0x0a, 0x81, 0x00, 0x00, 0x00, 0x00, 0x00, 0x00, 0x00, 0x00, 0x00, 0x00, 0x00, 0x00,
  0x00, 0x00, 0x00, 0x00, 0x00, 0x00, 0x00, 0x00, 0x00, 0x00, 0x00, 0x00, 0x2b, 0x14, 0x09, 0xa2,
  0x2d, 0x16, 0x0b, 0xfe, 0x95, 0x61, 0x31, 0xff, 0x94, 0x61, 0x31, 0xff, 0x94, 0x61, 0x31, 0xff,
  0x93, 0x60, 0x31, 0xff, 0x93, 0x60, 0x30, 0xff, 0x4a, 0x25, 0x12, 0xff, 0x63, 0x3f, 0x1e, 0xff,
  0xc9, 0xa3, 0x52, 0xff, 0x28, 0x21, 0x10, 0xff, 0x00, 0x00, 0x00, 0xff, 0x00, 0x00, 0x00, 0xff,
  0x00, 0x00, 0x00, 0xff, 0x00, 0x00, 0x00, 0xff, 0x05, 0x20, 0x09, 0xff, 0x05, 0x20, 0x09, 0xff,
  0x00, 0x00, 0x00, 0xff, 0x00, 0x00, 0x00, 0xff, 0x00, 0x00, 0x00, 0xff, 0x00, 0x00, 0x00, 0xff,
  0x00, 0x00, 0x00, 0xff, 0x05, 0x20, 0x09, 0xff, 0x05, 0x20, 0x09, 0xff, 0x66, 0x30, 0x00, 0xff,
  0xff, 0x77, 0x00, 0xff, 0x66, 0x30, 0x00, 0xff, 0x00, 0x00, 0x00, 0xff, 0x00, 0x00, 0x00, 0xff,
  0x05, 0x20, 0x09, 0xff, 0x05, 0x20, 0x09, 0xff, 0x00, 0x00, 0x00, 0xff, 0x00, 0x00, 0x00, 0xff,
  0x00, 0x00, 0x00, 0xff, 0x00, 0x00, 0x00, 0xff, 0x00, 0x00, 0x00, 0xff, 0x05, 0x20, 0x09, 0xff,
  0x05, 0x20, 0x09, 0xff, 0x00, 0x00, 0x00, 0xff, 0x00, 0x00, 0x00, 0xff, 0x00, 0x00, 0x00, 0xff,
  0x00, 0x00, 0x00, 0xff, 0x00, 0x00, 0x00, 0xff, 0x05, 0x20, 0x09, 0xff, 0x05, 0x20, 0x09, 0xff,
  0x00, 0x00, 0x00, 0xff, 0x00, 0x00, 0x00, 0xff, 0x28, 0x21, 0x10, 0xff, 0xc9, 0xa3, 0x52, 0xff,
  0x63, 0x3f, 0x1e, 0xff, 0x4a, 0x25, 0x12, 0xff, 0x80, 0x4f, 0x27, 0xff, 0x7f, 0x4f, 0x27, 0xff,
  0x7f, 0x4e, 0x26, 0xff, 0x7e, 0x4e, 0x26, 0xff, 0x7e, 0x4d, 0x26, 0xff, 0x2c, 0x15, 0x0b, 0xfe,
  0x2b, 0x15, 0x0a, 0xa1, 0x00, 0x00, 0x00, 0x00, 0x00, 0x00, 0x00, 0x00, 0x00, 0x00, 0x00, 0x00,
  0x00, 0x00, 0x00, 0x00, 0x00, 0x00, 0x00, 0x00, 0x00, 0x00, 0x00, 0x00, 0x2b, 0x14, 0x0a, 0xb4,
  0x35, 0x1b, 0x0e, 0xfc, 0x94, 0x61, 0x31, 0xff, 0x94, 0x61, 0x31, 0xff, 0x93, 0x60, 0x31, 0xff,
  0x93, 0x60, 0x30, 0xff, 0x92, 0x5f, 0x30, 0xff, 0x4a, 0x25, 0x12, 0xff, 0x63, 0x3f, 0x1e, 0xff,
  0xc9, 0xa3, 0x52, 0xff, 0x28, 0x21, 0x10, 0xff, 0x00, 0x00, 0x00, 0xff, 0x49, 0x65, 0x19, 0xff,
  0x77, 0xa6, 0x28, 0xff, 0x77, 0xa6, 0x28, 0xff, 0x78, 0xac, 0x2a, 0xff, 0x78, 0xac, 0x2a, 0xff,
  0x77, 0xa6, 0x28, 0xff, 0x77, 0xa6, 0x28, 0xff, 0x49, 0x65, 0x19, 0xff, 0x00, 0x00, 0x00, 0xff,
  0x00, 0x00, 0x00, 0xff, 0x05, 0x20, 0x09, 0xff, 0x05, 0x20, 0x09, 0xff, 0x66, 0x30, 0x00, 0xff,
  0xff, 0x77, 0x00, 0xff, 0x92, 0x6d, 0x0f, 0xff, 0x77, 0xa6, 0x28, 0xff, 0x77, 0xa6, 0x28, 0xff,
  0x78, 0xac, 0x2a, 0xff, 0x78, 0xac, 0x2a, 0xff, 0x77, 0xa6, 0x28, 0xff, 0x77, 0xa6, 0x28, 0xff,
  0x77, 0xa6, 0x28, 0xff, 0x49, 0x65, 0x19, 0xff, 0x00, 0x00, 0x00, 0xff, 0x05, 0x20, 0x09, 0xff,
  0x05, 0x20, 0x09, 0xff, 0x00, 0x00, 0x00, 0xff, 0x00, 0x00, 0x00, 0xff, 0x00, 0x00, 0x00, 0xff,
  0x00, 0x00, 0x00, 0xff, 0x00, 0x00, 0x00, 0xff, 0x05, 0x20, 0x09, 0xff, 0x05, 0x20, 0x09, 0xff,
  0x00, 0x00, 0x00, 0xff, 0x00, 0x00, 0x00, 0xff, 0x28, 0x21, 0x10, 0xff, 0xc9, 0xa3, 0x52, 0xff,
  0x63, 0x3f, 0x1e, 0xff, 0x4a, 0x25, 0x12, 0xff, 0x7f, 0x4f, 0x27, 0xff, 0x7f, 0x4e, 0x26, 0xff,
  0x7e, 0x4e, 0x26, 0xff, 0x7e, 0x4d, 0x26, 0xff, 0x7d, 0x4d, 0x26, 0xff, 0x32, 0x19, 0x0c, 0xfc,
  0x2a, 0x14, 0x0a, 0xb2, 0x00, 0x00, 0x00, 0x00, 0x00, 0x00, 0x00, 0x00, 0x00, 0x00, 0x00, 0x00,
  0x00, 0x00, 0x00, 0x00, 0x00, 0x00, 0x00, 0x00, 0x00, 0x00, 0x00, 0x00, 0x29, 0x13, 0x0a, 0xc5,
  0x3b, 0x21, 0x10, 0xfe, 0x94, 0x60, 0x31, 0xff, 0x93, 0x60, 0x31, 0xff, 0x93, 0x60, 0x30, 0xff,
  0x92, 0x5f, 0x30, 0xff, 0x92, 0x5f, 0x30, 0xff, 0x4a, 0x25, 0x12, 0xff, 0x63, 0x3f, 0x1e, 0xff,
  0xc9, 0xa3, 0x52, 0xff, 0x28, 0x21, 0x10, 0xff, 0x00, 0x00, 0x00, 0xff, 0x49, 0x65, 0x19, 0xff,
  0x77, 0xa6, 0x28, 0xff, 0x77, 0xa6, 0x28, 0xff, 0x78, 0xac, 0x2a, 0xff, 0x78, 0xac, 0x2a, 0xff,
  0x77, 0xa6, 0x28, 0xff, 0x77, 0xa6, 0x28, 0xff, 0x49, 0x65, 0x19, 0xff, 0x00, 0x00, 0x00, 0xff,
  0x00, 0x00, 0x00, 0xff, 0x05, 0x20, 0x09, 0xff, 0x05, 0x20, 0x09, 0xff, 0x66, 0x30, 0x00, 0xff,
  0xff, 0x77, 0x00, 0xff, 0x92, 0x6d, 0x0f, 0xff, 0x77, 0xa6, 0x28, 0xff, 0x77, 0xa6, 0x28, 0xff,
  0x78, 0xac, 0x2a, 0xff, 0x78, 0xac, 0x2a, 0xff, 0x77, 0xa6, 0x28, 0xff, 0x77, 0xa6, 0x28, 0xff,
  0x77, 0xa6, 0x28, 0xff, 0x49, 0x65, 0x19, 0xff, 0x00, 0x00, 0x00, 0xff, 0x05, 0x20, 0x09, 0xff,
  0x05, 0x20, 0x09, 0xff, 0x00, 0x00, 0x00, 0xff, 0x00, 0x00, 0x00, 0xff, 0x00, 0x00, 0x00, 0xff,
  0x00, 0x00, 0x00, 0xff, 0x00, 0x00, 0x00, 0xff, 0x05, 0x20, 0x09, 0xff, 0x05, 0x20, 0x09, 0xff,
  0x00, 0x00, 0x00, 0xff, 0x00, 0x00, 0x00, 0xff, 0x28, 0x21, 0x10, 0xff, 0xc9, 0xa3, 0x52, 0xff,
  0x63, 0x3f, 0x1e, 0xff, 0x4a, 0x25, 0x12, 0xff, 0x7f, 0x4e, 0x26, 0xff, 0x7e, 0x4e, 0x26, 0xff,
  0x7e, 0x4d, 0x26, 0xff, 0x7d, 0x4d, 0x26, 0xff, 0x7d, 0x4d, 0x25, 0xff, 0x37, 0x1d, 0x0e, 0xfe,
  0x2a, 0x14, 0x0a, 0xc4, 0x00, 0x00, 0x00, 0x00, 0x00, 0x00, 0x00, 0x00, 0x00, 0x00, 0x00, 0x00,
  0x00, 0x00, 0x00, 0x00, 0x00, 0x00, 0x00, 0x00, 0x00, 0x00, 0x00, 0x00, 0x2b, 0x14, 0x0a, 0xcc,
  0x40, 0x23, 0x12, 0xff, 0x93, 0x60, 0x31, 0xff, 0x93, 0x60, 0x30, 0xff, 0x92, 0x5f, 0x30, 0xff,
  0x92, 0x5f, 0x30, 0xff, 0x92, 0x5f, 0x30, 0xff, 0x4a, 0x25, 0x12, 0xff, 0x63, 0x3f, 0x1e, 0xff,
  0xc9, 0xa3, 0x52, 0xff, 0x28, 0x21, 0x10, 0xff, 0x00, 0x00, 0x00, 0xff, 0x00, 0x00, 0x00, 0xff,
  0x00, 0x00, 0x00, 0xff, 0x00, 0x00, 0x00, 0xff, 0x05, 0x20, 0x09, 0xff, 0x05, 0x20, 0x09, 0xff,
  0x00, 0x00, 0x00, 0xff, 0x00, 0x00, 0x00, 0xff, 0x00, 0x00, 0x00, 0xff, 0x00, 0x00, 0x00, 0xff,
  0x00, 0x00, 0x00, 0xff, 0x05, 0x20, 0x09, 0xff, 0x05, 0x20, 0x09, 0xff, 0x66, 0x30, 0x00, 0xff,
  0xff, 0x77, 0x00, 0xff, 0x66, 0x30, 0x00, 0xff, 0x00, 0x00, 0x00, 0xff, 0x00, 0x00, 0x00, 0xff,
  0x05, 0x20, 0x09, 0xff, 0x05, 0x20, 0x09, 0xff, 0x00, 0x00, 0x00, 0xff, 0x00, 0x00, 0x00, 0xff,
  0x00, 0x00, 0x00, 0xff, 0x00, 0x00, 0x00, 0xff, 0x00, 0x00, 0x00, 0xff, 0x05, 0x20, 0x09, 0xff,
  0x05, 0x20, 0x09, 0xff, 0x00, 0x00, 0x00, 0xff, 0x00, 0x00, 0x00, 0xff, 0x00, 0x00, 0x00, 0xff,
  0x00, 0x00, 0x00, 0xff, 0x00, 0x00, 0x00, 0xff, 0x05, 0x20, 0x09, 0xff, 0x05, 0x20, 0x09, 0xff,
  0x00, 0x00, 0x00, 0xff, 0x00, 0x00, 0x00, 0xff, 0x28, 0x21, 0x10, 0xff, 0xc9, 0xa3, 0x52, 0xff,
  0x63, 0x3f, 0x1e, 0xff, 0x4a, 0x25, 0x12, 0xff, 0x7e, 0x4e, 0x26, 0xff, 0x7e, 0x4d, 0x26, 0xff,
  0x7d, 0x4d, 0x26, 0xff, 0x7d, 0x4d, 0x25, 0xff, 0x7d, 0x4c, 0x25, 0xff, 0x3b, 0x1f, 0x0f, 0xff,
  0x2b, 0x14, 0x0a, 0xcc, 0x00, 0x00, 0x00, 0x00, 0x00, 0x00, 0x00, 0x00, 0x00, 0x00, 0x00, 0x00,
  0x00, 0x00, 0x00, 0x00, 0x00, 0x00, 0x00, 0x00, 0x00, 0x00, 0x00, 0x00, 0x2b, 0x14, 0x0a, 0xcc,
  0x3f, 0x23, 0x12, 0xff, 0x93, 0x60, 0x30, 0xff, 0x92, 0x5f, 0x30, 0xff, 0x92, 0x5f, 0x30, 0xff,
  0x92, 0x5f, 0x30, 0xff, 0x91, 0x5e, 0x30, 0xff, 0x4a, 0x25, 0x12, 0xff, 0x63, 0x3f, 0x1e, 0xff,
  0xc9, 0xa3, 0x52, 0xff, 0x28, 0x21, 0x10, 0xff, 0x00, 0x00, 0x00, 0xff, 0x00, 0x00, 0x00, 0xff,
  0x00, 0x00, 0x00, 0xff, 0x00, 0x00, 0x00, 0xff, 0x05, 0x20, 0x09, 0xff, 0x05, 0x20, 0x09, 0xff,
  0x00, 0x00, 0x00, 0xff, 0x00, 0x00, 0x00, 0xff, 0x00, 0x00, 0x00, 0xff, 0x00, 0x00, 0x00, 0xff,
  0x00, 0x00, 0x00, 0xff, 0x05, 0x20, 0x09, 0xff, 0x05, 0x20, 0x09, 0xff, 0x66, 0x30, 0x00, 0xff,
  0xff, 0x77, 0x00, 0xff, 0x66, 0x30, 0x00, 0xff, 0x00, 0x00, 0x00, 0xff, 0x00, 0x00, 0x00, 0xff,
  0x05, 0x20, 0x09, 0xff, 0x05, 0x20, 0x09, 0xff, 0x00, 0x00, 0x00, 0xff, 0x00, 0x00, 0x00, 0xff,
  0x00, 0x00, 0x00, 0xff, 0x00, 0x00, 0x00, 0xff, 0x00, 0x00, 0x00, 0xff, 0x05, 0x20, 0x09, 0xff,
  0x05, 0x20, 0x09, 0xff, 0x00, 0x00, 0x00, 0xff, 0x00, 0x00, 0x00, 0xff, 0x00, 0x00, 0x00, 0xff,
  0x00, 0x00, 0x00, 0xff, 0x00, 0x00, 0x00, 0xff, 0x05, 0x20, 0x09, 0xff, 0x05, 0x20, 0x09, 0xff,
  0x00, 0x00, 0x00, 0xff, 0x00, 0x00, 0x00, 0xff, 0x28, 0x21, 0x10, 0xff, 0xc9, 0xa3, 0x52, 0xff,
  0x63, 0x3f, 0x1e, 0xff, 0x4a, 0x25, 0x12, 0xff, 0x7e, 0x4d, 0x26, 0xff, 0x7d, 0x4d, 0x26, 0xff,
  0x7d, 0x4d, 0x25, 0xff, 0x7d, 0x4c, 0x25, 0xff, 0x7c, 0x4c, 0x25, 0xff, 0x3b, 0x1f, 0x0f, 0xff,
  0x2b, 0x14, 0x0a, 0xcc, 0x00, 0x00, 0x00, 0x00, 0x00, 0x00, 0x00, 0x00, 0x00, 0x00, 0x00, 0x00,
  0x00, 0x00, 0x00, 0x00, 0x00, 0x00, 0x00, 0x00, 0x00, 0x00, 0x00, 0x00, 0x2b, 0x14, 0x0a, 0xcc,
  0x3f, 0x23, 0x12, 0xff, 0x92, 0x5f, 0x30, 0xff, 0x92, 0x5f, 0x30, 0xff, 0x91, 0x5f, 0x30, 0xff,
  0x91, 0x5e, 0x30, 0xff, 0x91, 0x5e, 0x2f, 0xff, 0x4a, 0x25, 0x12, 0xff, 0x63, 0x3f, 0x1e, 0xff,
  0xc9, 0xa3, 0x52, 0xff, 0x28, 0x21, 0x10, 0xff, 0x00, 0x00, 0x00, 0xff, 0x00, 0x00, 0x00, 0xff,
  0x00, 0x00, 0x00, 0xff, 0x49, 0x65, 0x19, 0xff, 0x78, 0xac, 0x2a, 0xff, 0x78, 0xac, 0x2a, 0xff,
  0x77, 0xa6, 0x28, 0xff, 0x77, 0xa6, 0x28, 0xff, 0x77, 0xa6, 0x28, 0xff, 0x77, 0xa6, 0x28, 0xff,
  0x49, 0x65, 0x19, 0xff, 0x05, 0x20, 0x09, 0xff, 0x05, 0x20, 0x09, 0xff, 0x66, 0x30, 0x00, 0xff,
  0xff, 0x77, 0x00, 0xff, 0x66, 0x30, 0x00, 0xff, 0x00, 0x00, 0x00, 0xff, 0x00, 0x00, 0x00, 0xff,
  0x4c, 0x75, 0x1e, 0xff, 0x78, 0xac, 0x2a, 0xff, 0x77, 0xa6, 0x28, 0xff, 0x77, 0xa6, 0x28, 0xff,
  0x77, 0xa6, 0x28, 0xff, 0x77, 0xa6, 0x28, 0xff, 0x77, 0xa6, 0x28, 0xff, 0x4c, 0x75, 0x1e, 0xff,
  0x05, 0x20, 0x09, 0xff, 0x00, 0x00, 0x00, 0xff, 0x00, 0x00, 0x00, 0xff, 0x00, 0x00, 0x00, 0xff,
  0x00, 0x00, 0x00, 0xff, 0x00, 0x00, 0x00, 0xff, 0x05, 0x20, 0x09, 0xff, 0x05, 0x20, 0x09, 0xff,
  0x00, 0x00, 0x00, 0xff, 0x00, 0x00, 0x00, 0xff, 0x28, 0x21, 0x10, 0xff, 0xc9, 0xa3, 0x52, 0xff,
  0x63, 0x3f, 0x1e, 0xff, 0x4a, 0x25, 0x12, 0xff, 0x7d, 0x4d, 0x26, 0xff, 0x7d, 0x4d, 0x25, 0xff,
  0x7c, 0x4c, 0x25, 0xff, 0x7c, 0x4c, 0x25, 0xff, 0x7c, 0x4b, 0x25, 0xff, 0x3b, 0x1f, 0x0f, 0xff,
  0x2b, 0x14, 0x0a, 0xcc, 0x00, 0x00, 0x00, 0x00, 0x00, 0x00, 0x00, 0x00, 0x00, 0x00, 0x00, 0x00,
  0x00, 0x00, 0x00, 0x00, 0x00, 0x00, 0x00, 0x00, 0x00, 0x00, 0x00, 0x00, 0x2b, 0x14, 0x0a, 0xcc,
  0x3f, 0x23, 0x12, 0xff, 0x92, 0x5f, 0x30, 0xff, 0x91, 0x5f, 0x30, 0xff, 0x91, 0x5e, 0x30, 0xff,
  0x91, 0x5e, 0x2f, 0xff, 0x90, 0x5d, 0x2f, 0xff, 0x4a, 0x25, 0x12, 0xff, 0x63, 0x3f, 0x1e, 0xff,
  0xc9, 0xa3, 0x52, 0xff, 0x28, 0x21, 0x10, 0xff, 0x00, 0x00, 0x00, 0xff, 0x00, 0x00, 0x00, 0xff,
  0x00, 0x00, 0x00, 0xff, 0x49, 0x65, 0x19, 0xff, 0x78, 0xac, 0x2a, 0xff, 0x78, 0xac, 0x2a, 0xff,
  0x77, 0xa6, 0x28, 0xff, 0x77, 0xa6, 0x28, 0xff, 0x77, 0xa6, 0x28, 0xff, 0x77, 0xa6, 0x28, 0xff,
  0x49, 0x65, 0x19, 0xff, 0x05, 0x20, 0x09, 0xff, 0x05, 0x20, 0x09, 0xff, 0x66, 0x30, 0x00, 0xff,
  0xff, 0x77, 0x00, 0xff, 0x66, 0x30, 0x00, 0xff, 0x00, 0x00, 0x00, 0xff, 0x00, 0x00, 0x00, 0xff,
  0x4c, 0x75, 0x1e, 0xff, 0x78, 0xac, 0x2a, 0xff, 0x77, 0xa6, 0x28, 0xff, 0x77, 0xa6, 0x28, 0xff,
  0x77, 0xa6, 0x28, 0xff, 0x77, 0xa6, 0x28, 0xff, 0x77, 0xa6, 0x28, 0xff, 0x4c, 0x75, 0x1e, 0xff,
  0x05, 0x20, 0x09, 0xff, 0x00, 0x00, 0x00, 0xff, 0x00, 0x00, 0x00, 0xff, 0x00, 0x00, 0x00, 0xff,
  0x00, 0x00, 0x00, 0xff, 0x00, 0x00, 0x00, 0xff, 0x05, 0x20, 0x09, 0xff, 0x05, 0x20, 0x09, 0xff,
  0x00, 0x00, 0x00, 0xff, 0x00, 0x00, 0x00, 0xff, 0x28, 0x21, 0x10, 0xff, 0xc9, 0xa3, 0x52, 0xff,
  0x63, 0x3f, 0x1e, 0xff, 0x4a, 0x25, 0x12, 0xff, 0x7d, 0x4d, 0x25, 0xff, 0x7c, 0x4c, 0x25, 0xff,
  0x7c, 0x4c, 0x25, 0xff, 0x7c, 0x4b, 0x25, 0xff, 0x7b, 0x4b, 0x25, 0xff, 0x3b, 0x1f, 0x0f, 0xff,
  0x2b, 0x14, 0x0a, 0xcc, 0x00, 0x00, 0x00, 0x00, 0x00, 0x00, 0x00, 0x00, 0x00, 0x00, 0x00, 0x00,
  0x00, 0x00, 0x00, 0x00, 0x00, 0x00, 0x00, 0x00, 0x00, 0x00, 0x00, 0x00, 0x2b, 0x14, 0x0a, 0xcc,
  0x3f, 0x23, 0x12, 0xff, 0x91, 0x5f, 0x30, 0xff, 0x91, 0x5e, 0x30, 0xff, 0x91, 0x5e, 0x2f, 0xff,
  0x90, 0x5d, 0x2f, 0xff, 0x90, 0x5d, 0x2f, 0xff, 0x4a, 0x25, 0x12, 0xff, 0x63, 0x3f, 0x1e, 0xff,
  0xc9, 0xa3, 0x52, 0xff, 0x28, 0x21, 0x10, 0xff, 0x00, 0x00, 0x00, 0xff, 0x00, 0x00, 0x00, 0xff,
  0x00, 0x00, 0x00, 0xff, 0x00, 0x00, 0x00, 0xff, 0x05, 0x20, 0x09, 0xff, 0x05, 0x20, 0x09, 0xff,
  0x00, 0x00, 0x00, 0xff, 0x00, 0x00, 0x00, 0xff, 0x00, 0x00, 0x00, 0xff, 0x00, 0x00, 0x00, 0xff,
  0x00, 0x00, 0x00, 0xff, 0x05, 0x20, 0x09, 0xff, 0x05, 0x20, 0x09, 0xff, 0x66, 0x30, 0x00, 0xff,
  0xff, 0x77, 0x00, 0xff, 0x66, 0x30, 0x00, 0xff, 0x00, 0x00, 0x00, 0xff, 0x00, 0x00, 0x00, 0xff,
  0x05, 0x20, 0x09, 0xff, 0x05, 0x20, 0x09, 0xff, 0x00, 0x00, 0x00, 0xff, 0x00, 0x00, 0x00, 0xff,
  0x00, 0x00, 0x00, 0xff, 0x00, 0x00, 0x00, 0xff, 0x00, 0x00, 0x00, 0xff, 0x05, 0x20, 0x09, 0xff,
  0x05, 0x20, 0x09, 0xff, 0x00, 0x00, 0x00, 0xff, 0x00, 0x00, 0x00, 0xff, 0x00, 0x00, 0x00, 0xff,
  0x00, 0x00, 0x00, 0xff, 0x00, 0x00, 0x00, 0xff, 0x05, 0x20, 0x09, 0xff, 0x05, 0x20, 0x09, 0xff,
  0x00, 0x00, 0x00, 0xff, 0x00, 0x00, 0x00, 0xff, 0x28, 0x21, 0x10, 0xff, 0xc9, 0xa3, 0x52, 0xff,
  0x63, 0x3f, 0x1e, 0xff, 0x4a, 0x25, 0x12, 0xff, 0x7c, 0x4c, 0x25, 0xff, 0x7c, 0x4c, 0x25, 0xff,
  0x7c, 0x4b, 0x25, 0xff, 0x7b, 0x4b, 0x25, 0xff, 0x7b, 0x4b, 0x24, 0xff, 0x3a, 0x1f, 0x0f, 0xff,
  0x2b, 0x14, 0x0a, 0xcc, 0x00, 0x00, 0x00, 0x00, 0x00, 0x00, 0x00, 0x00, 0x00, 0x00, 0x00, 0x00,
  0x00, 0x00, 0x00, 0x00, 0x00, 0x00, 0x00, 0x00, 0x00, 0x00, 0x00, 0x00, 0x2b, 0x14, 0x0a, 0xcc,
  0x3f, 0x23, 0x12, 0xff, 0x91, 0x5e, 0x2f, 0xff, 0x91, 0x5e, 0x2f, 0xff, 0x90, 0x5d, 0x2f, 0xff,
  0x90, 0x5d, 0x2f, 0xff, 0x8f, 0x5d, 0x2f, 0xff, 0x4a, 0x25, 0x12, 0xff, 0x63, 0x3f, 0x1e, 0xff,
  0xc9, 0xa3, 0x52, 0xff, 0x28, 0x21, 0x10, 0xff, 0x00, 0x00, 0x00, 0xff, 0x00, 0x00, 0x00, 0xff,
  0x00, 0x00, 0x00, 0xff, 0x00, 0x00, 0x00, 0xff, 0x05, 0x20, 0x09, 0xff, 0x05, 0x20, 0x09, 0xff,
  0x00, 0x00, 0x00, 0xff, 0x00, 0x00, 0x00, 0xff, 0x00, 0x00, 0x00, 0xff, 0x00, 0x00, 0x00, 0xff,
  0x00, 0x00, 0x00, 0xff, 0x05, 0x20, 0x09, 0xff, 0x05, 0x20, 0x09, 0xff, 0x66, 0x30, 0x00, 0xff,
  0xff, 0x77, 0x00, 0xff, 0x66, 0x30, 0x00, 0xff, 0x00, 0x00, 0x00, 0xff, 0x00, 0x00, 0x00, 0xff,
  0x05, 0x20, 0x09, 0xff, 0x05, 0x20, 0x09, 0xff, 0x00, 0x00, 0x00, 0xff, 0x00, 0x00, 0x00, 0xff,
  0x00, 0x00, 0x00, 0xff, 0x00, 0x00, 0x00, 0xff, 0x00, 0x00, 0x00, 0xff, 0x05, 0x20, 0x09, 0xff,
  0x05, 0x20, 0x09, 0xff, 0x00, 0x00, 0x00, 0xff, 0x00, 0x00, 0x00, 0xff, 0x00, 0x00, 0x00, 0xff,
  0x00, 0x00, 0x00, 0xff, 0x00, 0x00, 0x00, 0xff, 0x05, 0x20, 0x09, 0xff, 0x05, 0x20, 0x09, 0xff,
  0x00, 0x00, 0x00, 0xff, 0x00, 0x00, 0x00, 0xff, 0x28, 0x21, 0x10, 0xff, 0xc9, 0xa3, 0x52, 0xff,
  0x63, 0x3f, 0x1e, 0xff, 0x4a, 0x25, 0x12, 0xff, 0x7c, 0x4c, 0x25, 0xff, 0x7c, 0x4b, 0x25, 0xff,
  0x7b, 0x4b, 0x25, 0xff, 0x7b, 0x4b, 0x24, 0xff, 0x7a, 0x4a, 0x24, 0xff, 0x3a, 0x1f, 0x0f, 0xff,
  0x2b, 0x14, 0x0a, 0xcc, 0x00, 0x00, 0x00, 0x00, 0x00, 0x00, 0x00, 0x00, 0x00, 0x00, 0x00, 0x00,
  0x00, 0x00, 0x00, 0x00, 0x00, 0x00, 0x00, 0x00, 0x00, 0x00, 0x00, 0x00, 0x2b, 0x14, 0x0a, 0xcc,
  0x3f, 0x23, 0x11, 0xff, 0x91, 0x5e, 0x2f, 0xff, 0x90, 0x5d, 0x2f, 0xff, 0x90, 0x5d, 0x2f, 0xff,
  0x8f, 0x5d, 0x2f, 0xff, 0x8f, 0x5c, 0x2e, 0xff, 0x4a, 0x25, 0x12, 0xff, 0x63, 0x3f, 0x1e, 0xff,
  0xc9, 0xa3, 0x52, 0xff, 0x28, 0x21, 0x10, 0xff, 0x00, 0x00, 0x00, 0xff, 0x00, 0x00, 0x00, 0xff,
  0x00, 0x00, 0x00, 0xff, 0x00, 0x00, 0x00, 0xff, 0x05, 0x20, 0x09, 0xff, 0x05, 0x20, 0x09, 0xff,
  0x49, 0x65, 0x19, 0xff, 0x77, 0xa6, 0x28, 0xff, 0x77, 0xa6, 0x28, 0xff, 0x77, 0xa6, 0x28, 0xff,
  0x77, 0xa6, 0x28, 0xff, 0x78, 0xac, 0x2a, 0xff, 0x78, 0xac, 0x2a, 0xff, 0x92, 0x6d, 0x0f, 0xff,
  0xff, 0x77, 0x00, 0xff, 0x66, 0x30, 0x00, 0xff, 0x00, 0x00, 0x00, 0xff, 0x00, 0x00, 0x00, 0xff,
  0x05, 0x20, 0x09, 0xff, 0x05, 0x20, 0x09, 0xff, 0x00, 0x00, 0x00, 0xff, 0x49, 0x65, 0x19, 0xff,
  0x77, 0xa6, 0x28, 0xff, 0x77, 0xa6, 0x28, 0xff, 0x77, 0xa6, 0x28, 0xff, 0x78, 0xac, 0x2a, 0xff,
  0x78, 0xac, 0x2a, 0xff, 0x77, 0xa6, 0x28, 0xff, 0x77, 0xa6, 0x28, 0xff, 0x49, 0x65, 0x19, 0xff,
  0x00, 0x00, 0x00, 0xff, 0x00, 0x00, 0x00, 0xff, 0x05, 0x20, 0x09, 0xff, 0x05, 0x20, 0x09, 0xff,
  0x00, 0x00, 0x00, 0xff, 0x00, 0x00, 0x00, 0xff, 0x28, 0x21, 0x10, 0xff, 0xc9, 0xa3, 0x52, 0xff,
  0x63, 0x3f, 0x1e, 0xff, 0x4a, 0x25, 0x12, 0xff, 0x7c, 0x4b, 0x25, 0xff, 0x7b, 0x4b, 0x25, 0xff,
  0x7b, 0x4b, 0x24, 0xff, 0x7a, 0x4a, 0x24, 0xff, 0x7a, 0x4a, 0x24, 0xff, 0x3a, 0x1f, 0x0f, 0xff,
  0x2b, 0x14, 0x0a, 0xcc, 0x00, 0x00, 0x00, 0x00, 0x00, 0x00, 0x00, 0x00, 0x00, 0x00, 0x00, 0x00,
  0x00, 0x00, 0x00, 0x00, 0x00, 0x00, 0x00, 0x00, 0x00, 0x00, 0x00, 0x00, 0x2b, 0x14, 0x0a, 0xcc,
  0x3f, 0x23, 0x11, 0xff, 0x90, 0x5d, 0x2f, 0xff, 0x90, 0x5d, 0x2f, 0xff, 0x8f, 0x5d, 0x2f, 0xff,
  0x8f, 0x5c, 0x2e, 0xff, 0x8e, 0x5c, 0x2e, 0xff, 0x4a, 0x25, 0x12, 0xff, 0x63, 0x3f, 0x1e, 0xff,
  0xc9, 0xa3, 0x52, 0xff, 0x28, 0x21, 0x10, 0xff, 0x00, 0x00, 0x00, 0xff, 0x00, 0x00, 0x00, 0xff,
  0x00, 0x00, 0x00, 0xff, 0x00, 0x00, 0x00, 0xff, 0x05, 0x20, 0x09, 0xff, 0x05, 0x20, 0x09, 0xff,
  0x49, 0x65, 0x19, 0xff, 0x77, 0xa6, 0x28, 0xff, 0x77, 0xa6, 0x28, 0xff, 0x77, 0xa6, 0x28, 0xff,
  0x77, 0xa6, 0x28, 0xff, 0x78, 0xac, 0x2a, 0xff, 0x78, 0xac, 0x2a, 0xff, 0x92, 0x6d, 0x0f, 0xff,
  0xff, 0x77, 0x00, 0xff, 0x66, 0x30, 0x00, 0xff, 0x00, 0x00, 0x00, 0xff, 0x00, 0x00, 0x00, 0xff,
  0x05, 0x20, 0x09, 0xff, 0x05, 0x20, 0x09, 0xff, 0x00, 0x00, 0x00, 0xff, 0x49, 0x65, 0x19, 0xff,
  0x77, 0xa6, 0x28, 0xff, 0x77, 0xa6, 0x28, 0xff, 0x77, 0xa6, 0x28, 0xff, 0x78, 0xac, 0x2a, 0xff,
  0x78, 0xac, 0x2a, 0xff, 0x77, 0xa6, 0x28, 0xff, 0x77, 0xa6, 0x28, 0xff, 0x49, 0x65, 0x19, 0xff,
  0x00, 0x00, 0x00, 0xff, 0x00, 0x00, 0x00, 0xff, 0x05, 0x20, 0x09, 0xff, 0x05, 0x20, 0x09, 0xff,
  0x00, 0x00, 0x00, 0xff, 0x00, 0x00, 0x00, 0xff, 0x28, 0x21, 0x10, 0xff, 0xc9, 0xa3, 0x52, 0xff,
  0x63, 0x3f, 0x1e, 0xff, 0x4a, 0x25, 0x12, 0xff, 0x7b, 0x4b, 0x25, 0xff, 0x7b, 0x4b, 0x24, 0xff,
  0x7a, 0x4a, 0x24, 0xff, 0x7a, 0x4a, 0x24, 0xff, 0x79, 0x49, 0x24, 0xff, 0x3a, 0x1f, 0x0f, 0xff,
  0x2b, 0x14, 0x0a, 0xcc, 0x00, 0x00, 0x00, 0x00, 0x00, 0x00, 0x00, 0x00, 0x00, 0x00, 0x00, 0x00,
  0x00, 0x00, 0x00, 0x00, 0x00, 0x00, 0x00, 0x00, 0x00, 0x00, 0x00, 0x00, 0x2b, 0x14, 0x0a, 0xcc,
  0x3f, 0x23, 0x11, 0xff, 0x90, 0x5d, 0x2f, 0xff, 0x8f, 0x5d, 0x2f, 0xff, 0x8f, 0x5c, 0x2e, 0xff,
  0x8e, 0x5c, 0x2e, 0xff, 0x8e, 0x5b, 0x2e, 0xff, 0x4a, 0x25, 0x12, 0xff, 0x63, 0x3f, 0x1e, 0xff,
  0xc9, 0xa3, 0x52, 0xff, 0x28, 0x21, 0x10, 0xff, 0x00, 0x00, 0x00, 0xff, 0x00, 0x00, 0x00, 0xff,
  0x00, 0x00, 0x00, 0xff, 0x00, 0x00, 0x00, 0xff, 0x05, 0x20, 0x09, 0xff, 0x05, 0x20, 0x09, 0xff,
  0x00, 0x00, 0x00, 0xff, 0x00, 0x00, 0x00, 0xff, 0x00, 0x00, 0x00, 0xff, 0x00, 0x00, 0x00, 0xff,
  0x00, 0x00, 0x00, 0xff, 0x05, 0x20, 0x09, 0xff, 0x05, 0x20, 0x09, 0xff, 0x66, 0x30, 0x00, 0xff,
  0xff, 0x77, 0x00, 0xff, 0x66, 0x30, 0x00, 0xff, 0x00, 0x00, 0x00, 0xff, 0x00, 0x00, 0x00, 0xff,
  0x05, 0x20, 0x09, 0xff, 0x05, 0x20, 0x09, 0xff, 0x00, 0x00, 0x00, 0xff, 0x00, 0x00, 0x00, 0xff,
  0x00, 0x00, 0x00, 0xff, 0x00, 0x00, 0x00, 0xff, 0x00, 0x00, 0x00, 0xff, 0x05, 0x20, 0x09, 0xff,
  0x05, 0x20, 0x09, 0xff, 0x00, 0x00, 0x00, 0xff, 0x00, 0x00, 0x00, 0xff, 0x00, 0x00, 0x00, 0xff,
  0x00, 0x00, 0x00, 0xff, 0x00, 0x00, 0x00, 0xff, 0x05, 0x20, 0x09, 0xff, 0x05, 0x20, 0x09, 0xff,
  0x00, 0x00, 0x00, 0xff, 0x00, 0x00, 0x00, 0xff, 0x28, 0x21, 0x10, 0xff, 0xc9, 0xa3, 0x52, 0xff,
  0x63, 0x3f, 0x1e, 0xff, 0x4a, 0x25, 0x12, 0xff, 0x7b, 0x4b, 0x24, 0xff, 0x7a, 0x4a, 0x24, 0xff,
  0x7a, 0x4a, 0x24, 0xff, 0x79, 0x49, 0x24, 0xff, 0x79, 0x49, 0x23, 0xff, 0x3a, 0x1f, 0x0f, 0xff,
  0x2b, 0x14, 0x0a, 0xcc, 0x00, 0x00, 0x00, 0x00, 0x00, 0x00, 0x00, 0x00, 0x00, 0x00, 0x00, 0x00,
  0x00, 0x00, 0x00, 0x00, 0x00, 0x00, 0x00, 0x00, 0x00, 0x00, 0x00, 0x00, 0x2b, 0x14, 0x0a, 0xcc,
  0x3f, 0x23, 0x11, 0xff, 0x8f, 0x5d, 0x2f, 0xff, 0x8f, 0x5c, 0x2e, 0xff, 0x8e, 0x5c, 0x2e, 0xff,
  0x8e, 0x5b, 0x2e, 0xff, 0x8d, 0x5b, 0x2e, 0xff, 0x4a, 0x25, 0x12, 0xff, 0x63, 0x3f, 0x1e, 0xff,
  0xc9, 0xa3, 0x52, 0xff, 0x28, 0x21, 0x10, 0xff, 0x00, 0x00, 0x00, 0xff, 0x00, 0x00, 0x00, 0xff,
  0x00, 0x00, 0x00, 0xff, 0x00, 0x00, 0x00, 0xff, 0x05, 0x20, 0x09, 0xff, 0x05, 0x20, 0x09, 0xff,
  0x00, 0x00, 0x00, 0xff, 0x00, 0x00, 0x00, 0xff, 0x00, 0x00, 0x00, 0xff, 0x00, 0x00, 0x00, 0xff,
  0x00, 0x00, 0x00, 0xff, 0x05, 0x20, 0x09, 0xff, 0x05, 0x20, 0x09, 0xff, 0x66, 0x30, 0x00, 0xff,
  0xff, 0x77, 0x00, 0xff, 0x66, 0x30, 0x00, 0xff, 0x00, 0x00, 0x00, 0xff, 0x00, 0x00, 0x00, 0xff,
  0x05, 0x20, 0x09, 0xff, 0x05, 0x20, 0x09, 0xff, 0x00, 0x00, 0x00, 0xff, 0x00, 0x00, 0x00, 0xff,
  0x00, 0x00, 0x00, 0xff, 0x00, 0x00, 0x00, 0xff, 0x00, 0x00, 0x00, 0xff, 0x05, 0x20, 0x09, 0xff,
  0x05, 0x20, 0x09, 0xff, 0x00, 0x00, 0x00, 0xff, 0x00, 0x00, 0x00, 0xff, 0x00, 0x00, 0x00, 0xff,
  0x00, 0x00, 0x00, 0xff, 0x00, 0x00, 0x00, 0xff, 0x05, 0x20, 0x09, 0xff, 0x05, 0x20, 0x09, 0xff,
  0x00, 0x00, 0x00, 0xff, 0x00, 0x00, 0x00, 0xff, 0x28, 0x21, 0x10, 0xff, 0xc9, 0xa3, 0x52, 0xff,
  0x63, 0x3f, 0x1e, 0xff, 0x4a, 0x25, 0x12, 0xff, 0x7a, 0x4a, 0x24, 0xff, 0x7a, 0x4a, 0x24, 0xff,
  0x79, 0x49, 0x24, 0xff, 0x79, 0x49, 0x23, 0xff, 0x78, 0x49, 0x23, 0xff, 0x3a, 0x1e, 0x0f, 0xff,
  0x2b, 0x14, 0x0a, 0xcc, 0x00, 0x00, 0x00, 0x00, 0x00, 0x00, 0x00, 0x00, 0x00, 0x00, 0x00, 0x00,
  0x00, 0x00, 0x00, 0x00, 0x00, 0x00, 0x00, 0x00, 0x00, 0x00, 0x00, 0x00, 0x2b, 0x14, 0x0a, 0xcc,
  0x3f, 0x22, 0x11, 0xff, 0x8f, 0x5c, 0x2e, 0xff, 0x8e, 0x5c, 0x2e, 0xff, 0x8e, 0x5b, 0x2e, 0xff,
  0x8d, 0x5b, 0x2e, 0xff, 0x8d, 0x5b, 0x2d, 0xff, 0x4a, 0x25, 0x12, 0xff, 0x63, 0x3f, 0x1e, 0xff,
  0xc9, 0xa3, 0x52, 0xff, 0x28, 0x21, 0x10, 0xff, 0x00, 0x00, 0x00, 0xff, 0x00, 0x00, 0x00, 0xff,
  0x00, 0x00, 0x00, 0xff, 0x00, 0x00, 0x00, 0xff, 0x05, 0x20, 0x09, 0xff, 0x05, 0x20, 0x09, 0xff,
  0x00, 0x00, 0x00, 0xff, 0x00, 0x00, 0x00, 0xff, 0x00, 0x00, 0x00, 0xff, 0x49, 0x65, 0x19, 0xff,
  0x77, 0xa6, 0x28, 0xff, 0x78, 0xac, 0x2a, 0xff, 0x78, 0xac, 0x2a, 0xff, 0xad, 0x94, 0x18, 0xff,
  0xff, 0x77, 0x00, 0xff, 0x92, 0x6d, 0x0f, 0xff, 0x00, 0x00, 0x00, 0xff, 0x00, 0x00, 0x00, 0xff,
  0x05, 0x20, 0x09, 0xff, 0x05, 0x20, 0x09, 0xff, 0x00, 0x00, 0x00, 0xff, 0x00, 0x00, 0x00, 0xff,
  0x00, 0x00, 0x00, 0xff, 0x00, 0x00, 0x00, 0xff, 0x49, 0x65, 0x19, 0xff, 0x78, 0xac, 0x2a, 0xff,
  0x78, 0xac, 0x2a, 0xff, 0x77, 0xa6, 0x28, 0xff, 0x77, 0xa6, 0x28, 0xff, 0x77, 0xa6, 0x28, 0xff,
  0x77, 0xa6, 0x28, 0xff, 0x77, 0xa6, 0x28, 0xff, 0x4c, 0x75, 0x1e, 0xff, 0x05, 0x20, 0x09, 0xff,
  0x00, 0x00, 0x00, 0xff, 0x00, 0x00, 0x00, 0xff, 0x28, 0x21, 0x10, 0xff, 0xc9, 0xa3, 0x52, 0xff,
  0x63, 0x3f, 0x1e, 0xff, 0x4a, 0x25, 0x12, 0xff, 0x7a, 0x4a, 0x24, 0xff, 0x79, 0x49, 0x24, 0xff,
  0x79, 0x49, 0x23, 0xff, 0x78, 0x49, 0x23, 0xff, 0x78, 0x48, 0x23, 0xff, 0x3a, 0x1e, 0x0f, 0xff,
  0x2b, 0x14, 0x0a, 0xcc, 0x00, 0x00, 0x00, 0x00, 0x00, 0x00, 0x00, 0x00, 0x00, 0x00, 0x00, 0x00,
  0x00, 0x00, 0x00, 0x00, 0x00, 0x00, 0x00, 0x00, 0x00, 0x00, 0x00, 0x00, 0x2b, 0x14, 0x0a, 0xcc,
  0x3f, 0x22, 0x11, 0xff, 0x8e, 0x5c, 0x2e, 0xff, 0x8e, 0x5b, 0x2e, 0xff, 0x8d, 0x5b, 0x2e, 0xff,
  0x8d, 0x5b, 0x2d, 0xff, 0x8d, 0x5a, 0x2d, 0xff, 0x4a, 0x25, 0x12, 0xff, 0x63, 0x3f, 0x1e, 0xff,
  0xc9, 0xa3, 0x52, 0xff, 0x28, 0x21, 0x10, 0xff, 0x00, 0x00, 0x00, 0xff, 0x00, 0x00, 0x00, 0xff,
  0x00, 0x00, 0x00, 0xff, 0x00, 0x00, 0x00, 0xff, 0x05, 0x20, 0x09, 0xff, 0x05, 0x20, 0x09, 0xff,
  0x00, 0x00, 0x00, 0xff, 0x00, 0x00, 0x00, 0xff, 0x00, 0x00, 0x00, 0xff, 0x49, 0x65, 0x19, 0xff,
  0x77, 0xa6, 0x28, 0xff, 0x78, 0xac, 0x2a, 0xff, 0x78, 0xac, 0x2a, 0xff, 0xad, 0x94, 0x18, 0xff,
  0xff, 0x77, 0x00, 0xff, 0x92, 0x6d, 0x0f, 0xff, 0x00, 0x00, 0x00, 0xff, 0x00, 0x00, 0x00, 0xff,
  0x05, 0x20, 0x09, 0xff, 0x05, 0x20, 0x09, 0xff, 0x00, 0x00, 0x00, 0xff, 0x00, 0x00, 0x00, 0xff,
  0x00, 0x00, 0x00, 0xff, 0x00, 0x00, 0x00, 0xff, 0x49, 0x65, 0x19, 0xff, 0x78, 0xac, 0x2a, 0xff,
  0x78, 0xac, 0x2a, 0xff, 0x77, 0xa6, 0x28, 0xff, 0x77, 0xa6, 0x28, 0xff, 0x77, 0xa6, 0x28, 0xff,
  0x77, 0xa6, 0x28, 0xff, 0x77, 0xa6, 0x28, 0xff, 0x4c, 0x75, 0x1e, 0xff, 0x05, 0x20, 0x09, 0xff,
  0x00, 0x00, 0x00, 0xff, 0x00, 0x00, 0x00, 0xff, 0x28, 0x21, 0x10, 0xff, 0xc9, 0xa3, 0x52, 0xff,
  0x63, 0x3f, 0x1e, 0xff, 0x4a, 0x25, 0x12, 0xff, 0x79, 0x49, 0x24, 0xff, 0x79, 0x49, 0x23, 0xff,
  0x78, 0x49, 0x23, 0xff, 0x78, 0x48, 0x23, 0xff, 0x78, 0x48, 0x23, 0xff, 0x3a, 0x1e, 0x0f, 0xff,
  0x2b, 0x14, 0x0a, 0xcc, 0x00, 0x00, 0x00, 0x00, 0x00, 0x00, 0x00, 0x00, 0x00, 0x00, 0x00, 0x00,
  0x00, 0x00, 0x00, 0x00, 0x00, 0x00, 0x00, 0x00, 0x00, 0x00, 0x00, 0x00, 0x2b, 0x14, 0x0a, 0xcc,
  0x3e, 0x22, 0x11, 0xff, 0x8e, 0x5b, 0x2e, 0xff, 0x8d, 0x5b, 0x2e, 0xff, 0x8d, 0x5b, 0x2d, 0xff,
  0x8d, 0x5a, 0x2d, 0xff, 0x8c, 0x5a, 0x2d, 0xff, 0x4a, 0x25, 0x12, 0xff, 0x63, 0x3f, 0x1e, 0xff,
  0xc9, 0xa3, 0x52, 0xff, 0x28, 0x21, 0x10, 0xff, 0x00, 0x00, 0x00, 0xff, 0x00, 0x00, 0x00, 0xff,
  0x00, 0x00, 0x00, 0xff, 0x00, 0x00, 0x00, 0xff, 0x05, 0x20, 0x09, 0xff, 0x05, 0x20, 0x09, 0xff,
  0x00, 0x00, 0x00, 0xff, 0x00, 0x00, 0x00, 0xff, 0x00, 0x00, 0x00, 0xff, 0x00, 0x00, 0x00, 0xff,
  0x00, 0x00, 0x00, 0xff, 0x05, 0x20, 0x09, 0xff, 0x05, 0x20, 0x09, 0xff, 0x66, 0x30, 0x00, 0xff,
  0xff, 0x77, 0x00, 0xff, 0x66, 0x30, 0x00, 0xff, 0x00, 0x00, 0x00, 0xff, 0x00, 0x00, 0x00, 0xff,
  0x05, 0x20, 0x09, 0xff, 0x05, 0x20, 0x09, 0xff, 0x00, 0x00, 0x00, 0xff, 0x00, 0x00, 0x00, 0xff,
  0x00, 0x00, 0x00, 0xff, 0x00, 0x00, 0x00, 0xff, 0x00, 0x00, 0x00, 0xff, 0x05, 0x20, 0x09, 0xff,
  0x05, 0x20, 0x09, 0xff, 0x00, 0x00, 0x00, 0xff, 0x00, 0x00, 0x00, 0xff, 0x00, 0x00, 0x00, 0xff,
  0x00, 0x00, 0x00, 0xff, 0x00, 0x00, 0x00, 0xff, 0x05, 0x20, 0x09, 0xff, 0x05, 0x20, 0x09, 0xff,
  0x00, 0x00, 0x00, 0xff, 0x00, 0x00, 0x00, 0xff, 0x28, 0x21, 0x10, 0xff, 0xc9, 0xa3, 0x52, 0xff,
  0x63, 0x3f, 0x1e, 0xff, 0x4a, 0x25, 0x12, 0xff, 0x79, 0x49, 0x23, 0xff, 0x78, 0x49, 0x23, 0xff,
  0x78, 0x48, 0x23, 0xff, 0x78, 0x48, 0x23, 0xff, 0x77, 0x47, 0x23, 0xff, 0x3a, 0x1e, 0x0f, 0xff,
  0x2b, 0x14, 0x0a, 0xcc, 0x00, 0x00, 0x00, 0x00, 0x00, 0x00, 0x00, 0x00, 0x00, 0x00, 0x00, 0x00,
  0x00, 0x00, 0x00, 0x00, 0x00, 0x00, 0x00, 0x00, 0x00, 0x00, 0x00, 0x00, 0x2b, 0x14, 0x0a, 0xcc,
  0x3e, 0x22, 0x11, 0xff, 0x8d, 0x5b, 0x2e, 0xff, 0x8d, 0x5b, 0x2d, 0xff, 0x8c, 0x5a, 0x2d, 0xff,
  0x8c, 0x5a, 0x2d, 0xff, 0x8c, 0x59, 0x2d, 0xff, 0x4a, 0x25, 0x12, 0xff, 0x63, 0x3f, 0x1e, 0xff,
  0xc9, 0xa3, 0x52, 0xff, 0x28, 0x21, 0x10, 0xff, 0x00, 0x00, 0x00, 0xff, 0x00, 0x00, 0x00, 0xff,
  0x00, 0x00, 0x00, 0xff, 0x00, 0x00, 0x00, 0xff, 0x05, 0x20, 0x09, 0xff, 0x05, 0x20, 0x09, 0xff,
  0x00, 0x00, 0x00, 0xff, 0x00, 0x00, 0x00, 0xff, 0x00, 0x00, 0x00, 0xff, 0x00, 0x00, 0x00, 0xff,
  0x00, 0x00, 0x00, 0xff, 0x05, 0x20, 0x09, 0xff, 0x05, 0x20, 0x09, 0xff, 0x66, 0x30, 0x00, 0xff,
  0xff, 0x77, 0x00, 0xff, 0x66, 0x30, 0x00, 0xff, 0x00, 0x00, 0x00, 0xff, 0x00, 0x00, 0x00, 0xff,
  0x05, 0x20, 0x09, 0xff, 0x05, 0x20, 0x09, 0xff, 0x00, 0x00, 0x00, 0xff, 0x00, 0x00, 0x00, 0xff,
  0x00, 0x00, 0x00, 0xff, 0x00, 0x00, 0x00, 0xff, 0x00, 0x00, 0x00, 0xff, 0x05, 0x20, 0x09, 0xff,
  0x05, 0x20, 0x09, 0xff, 0x00, 0x00, 0x00, 0xff, 0x00, 0x00, 0x00, 0xff, 0x00, 0x00, 0x00, 0xff,
  0x00, 0x00, 0x00, 0xff, 0x00, 0x00, 0x00, 0xff, 0x05, 0x20, 0x09, 0xff, 0x05, 0x20, 0x09, 0xff,
  0x00, 0x00, 0x00, 0xff, 0x00, 0x00, 0x00, 0xff, 0x28, 0x21, 0x10, 0xff, 0xc9, 0xa3, 0x52, 0xff,
  0x63, 0x3f, 0x1e, 0xff, 0x4a, 0x25, 0x12, 0xff, 0x78, 0x49, 0x23, 0xff, 0x78, 0x48, 0x23, 0xff,
  0x78, 0x48, 0x23, 0xff, 0x77, 0x47, 0x23, 0xff, 0x77, 0x47, 0x22, 0xff, 0x3a, 0x1e, 0x0f, 0xff,
  0x2b, 0x14, 0x0a, 0xcc, 0x00, 0x00, 0x00, 0x00, 0x00, 0x00, 0x00, 0x00, 0x00, 0x00, 0x00, 0x00,
  0x00, 0x00, 0x00, 0x00, 0x00, 0x00, 0x00, 0x00, 0x00, 0x00, 0x00, 0x00, 0x2b, 0x14, 0x0a, 0xcc,
  0x3e, 0x22, 0x11, 0xff, 0x8d, 0x5b, 0x2d, 0xff, 0x8c, 0x5a, 0x2d, 0xff, 0x8c, 0x5a, 0x2d, 0xff,
  0x8c, 0x59, 0x2d, 0xff, 0x8b, 0x59, 0x2d, 0xff, 0x4a, 0x25, 0x12, 0xff, 0x63, 0x3f, 0x1e, 0xff,
  0xc9, 0xa3, 0x52, 0xff, 0x28, 0x21, 0x10, 0xff, 0x00, 0x00, 0x00, 0xff, 0x00, 0x00, 0x00, 0xff,
  0x00, 0x00, 0x00, 0xff, 0x00, 0x00, 0x00, 0xff, 0x05, 0x20, 0x09, 0xff, 0x05, 0x20, 0x09, 0xff,
  0x00, 0x00, 0x00, 0xff, 0x00, 0x00, 0x00, 0xff, 0x00, 0x00, 0x00, 0xff, 0x00, 0x00, 0x00, 0xff,
  0x00, 0x00, 0x00, 0xff, 0x05, 0x20, 0x09, 0xff, 0x05, 0x20, 0x09, 0xff, 0x66, 0x30, 0x00, 0xff,
  0xff, 0x77, 0x00, 0xff, 0x66, 0x30, 0x00, 0xff, 0x00, 0x00, 0x00, 0xff, 0x00, 0x00, 0x00, 0xff,
  0x05, 0x20, 0x09, 0xff, 0x05, 0x20, 0x09, 0xff, 0x00, 0x00, 0x00, 0xff, 0x00, 0x00, 0x00, 0xff,
  0x00, 0x00, 0x00, 0xff, 0x00, 0x00, 0x00, 0xff, 0x00, 0x00, 0x00, 0xff, 0x05, 0x20, 0x09, 0xff,
  0x05, 0x20, 0x09, 0xff, 0x00, 0x00, 0x00, 0xff, 0x00, 0x00, 0x00, 0xff, 0x00, 0x00, 0x00, 0xff,
  0x00, 0x00, 0x00, 0xff, 0x00, 0x00, 0x00, 0xff, 0x05, 0x20, 0x09, 0xff, 0x05, 0x20, 0x09, 0xff,
  0x00, 0x00, 0x00, 0xff, 0x00, 0x00, 0x00, 0xff, 0x28, 0x21, 0x10, 0xff, 0xc9, 0xa3, 0x52, 0xff,
  0x63, 0x3f, 0x1e, 0xff, 0x4a, 0x25, 0x12, 0xff, 0x78, 0x48, 0x23, 0xff, 0x77, 0x48, 0x23, 0xff,
  0x77, 0x47, 0x23, 0xff, 0x77, 0x47, 0x22, 0xff, 0x76, 0x47, 0x22, 0xff, 0x3a, 0x1e, 0x0f, 0xff,
  0x2b, 0x14, 0x0a, 0xcc, 0x00, 0x00, 0x00, 0x00, 0x00, 0x00, 0x00, 0x00, 0x00, 0x00, 0x00, 0x00,
  0x00, 0x00, 0x00, 0x00, 0x00, 0x00, 0x00, 0x00, 0x00, 0x00, 0x00, 0x00, 0x2b, 0x14, 0x0a, 0xcc,
  0x3e, 0x22, 0x11, 0xff, 0x8c, 0x5a, 0x2d, 0xff, 0x8c, 0x5a, 0x2d, 0xff, 0x8c, 0x59, 0x2d, 0xff,
  0x8b, 0x59, 0x2d, 0xff, 0x8b, 0x59, 0x2c, 0xff, 0x4a, 0x25, 0x12, 0xff, 0x63, 0x3f, 0x1e, 0xff,
  0xc9, 0xa3, 0x52, 0xff, 0x28, 0x21, 0x10, 0xff, 0x00, 0x00, 0x00, 0xff, 0x00, 0x00, 0x00, 0xff,
  0x00, 0x00, 0x00, 0xff, 0x00, 0x00, 0x00, 0xff, 0x05, 0x20, 0x09, 0xff, 0x05, 0x20, 0x09, 0xff,
  0x00, 0x00, 0x00, 0xff, 0x00, 0x00, 0x00, 0xff, 0x00, 0x00, 0x00, 0xff, 0x00, 0x00, 0x00, 0xff,
  0x00, 0x00, 0x00, 0xff, 0x05, 0x20, 0x09, 0xff, 0x05, 0x20, 0x09, 0xff, 0x66, 0x30, 0x00, 0xff,
  0xff, 0x77, 0x00, 0xff, 0x66, 0x30, 0x00, 0xff, 0x00, 0x00, 0x00, 0xff, 0x00, 0x00, 0x00, 0xff,
  0x05, 0x20, 0x09, 0xff, 0x05, 0x20, 0x09, 0xff, 0x00, 0x00, 0x00, 0xff, 0x00, 0x00, 0x00, 0xff,
  0x00, 0x00, 0x00, 0xff, 0x00, 0x00, 0x00, 0xff, 0x00, 0x00, 0x00, 0xff, 0x05, 0x20, 0x09, 0xff,
  0x05, 0x20, 0x09, 0xff, 0x00, 0x00, 0x00, 0xff, 0x00, 0x00, 0x00, 0xff, 0x00, 0x00, 0x00, 0xff,
  0x00, 0x00, 0x00, 0xff, 0x00, 0x00, 0x00, 0xff, 0x05, 0x20, 0x09, 0xff, 0x05, 0x20, 0x09, 0xff,
  0x00, 0x00, 0x00, 0xff, 0x00, 0x00, 0x00, 0xff, 0x28, 0x21, 0x10, 0xff, 0xc9, 0xa3, 0x52, 0xff,
  0x63, 0x3f, 0x1e, 0xff, 0x4a, 0x25, 0x12, 0xff, 0x77, 0x48, 0x23, 0xff, 0x77, 0x47, 0x23, 0xff,
  0x77, 0x47, 0x22, 0xff, 0x76, 0x47, 0x22, 0xff, 0x76, 0x46, 0x22, 0xff, 0x39, 0x1e, 0x0f, 0xff,
  0x2b, 0x14, 0x0a, 0xcc, 0x00, 0x00, 0x00, 0x00, 0x00, 0x00, 0x00, 0x00, 0x00, 0x00, 0x00, 0x00,
  0x00, 0x00, 0x00, 0x00, 0x00, 0x00, 0x00, 0x00, 0x00, 0x00, 0x00, 0x00, 0x2b, 0x14, 0x0a, 0xcc,
  0x3e, 0x22, 0x11, 0xff, 0x8c, 0x5a, 0x2d, 0xff, 0x8c, 0x59, 0x2d, 0xff, 0x8b, 0x59, 0x2d, 0xff,
  0x8b, 0x59, 0x2c, 0xff, 0x8a, 0x58, 0x2c, 0xff, 0x4a, 0x25, 0x12, 0xff, 0x63, 0x3f, 0x1e, 0xff,
  0xc9, 0xa3, 0x52, 0xff, 0x28, 0x21, 0x10, 0xff, 0x00, 0x00, 0x00, 0xff, 0x00, 0x00, 0x00, 0xff,
  0x00, 0x00, 0x00, 0xff, 0x00, 0x00, 0x00, 0xff, 0x05, 0x20, 0x09, 0xff, 0x05, 0x20, 0x09, 0xff,
  0x00, 0x00, 0x00, 0xff, 0x00, 0x00, 0x00, 0xff, 0x00, 0x00, 0x00, 0xff, 0x00, 0x00, 0x00, 0xff,
  0x00, 0x00, 0x00, 0xff, 0x05, 0x20, 0x09, 0xff, 0x05, 0x20, 0x09, 0xff, 0x66, 0x30, 0x00, 0xff,
  0xff, 0x77, 0x00, 0xff, 0x66, 0x30, 0x00, 0xff, 0x00, 0x00, 0x00, 0xff, 0x00, 0x00, 0x00, 0xff,
  0x05, 0x20, 0x09, 0xff, 0x05, 0x20, 0x09, 0xff, 0x00, 0x00, 0x00, 0xff, 0x00, 0x00, 0x00, 0xff,
  0x00, 0x00, 0x00, 0xff, 0x00, 0x00, 0x00, 0xff, 0x00, 0x00, 0x00, 0xff, 0x05, 0x20, 0x09, 0xff,
  0x05, 0x20, 0x09, 0xff, 0x00, 0x00, 0x00, 0xff, 0x00, 0x00, 0x00, 0xff, 0x00, 0x00, 0x00, 0xff,
  0x00, 0x00, 0x00, 0xff, 0x00, 0x00, 0x00, 0xff, 0x05, 0x20, 0x09, 0xff, 0x05, 0x20, 0x09, 0xff,
  0x00, 0x00, 0x00, 0xff, 0x00, 0x00, 0x00, 0xff, 0x28, 0x21, 0x10, 0xff, 0xc9, 0xa3, 0x52, 0xff,
  0x63, 0x3f, 0x1e, 0xff, 0x4a, 0x25, 0x12, 0xff, 0x77, 0x47, 0x23, 0xff, 0x77, 0x47, 0x22, 0xff,
  0x76, 0x47, 0x22, 0xff, 0x76, 0x46, 0x22, 0xff, 0x75, 0x46, 0x22, 0xff, 0x39, 0x1e, 0x0f, 0xff,
  0x2b, 0x14, 0x0a, 0xcc, 0x00, 0x00, 0x00, 0x00, 0x00, 0x00, 0x00, 0x00, 0x00, 0x00, 0x00, 0x00,
  0x00, 0x00, 0x00, 0x00, 0x00, 0x00, 0x00, 0x00, 0x00, 0x00, 0x00, 0x00, 0x2b, 0x14, 0x0a, 0xcc,
  0x3e, 0x22, 0x11, 0xff, 0x8c, 0x59, 0x2d, 0xff, 0x8b, 0x59, 0x2d, 0xff, 0x8b, 0x59, 0x2c, 0xff,
  0x8a, 0x58, 0x2c, 0xff, 0x8a, 0x58, 0x2c, 0xff, 0x4a, 0x25, 0x12, 0xff, 0x63, 0x3f, 0x1e, 0xff,
  0xc9, 0xa3, 0x52, 0xff, 0x28, 0x21, 0x10, 0xff, 0x00, 0x00, 0x00, 0xff, 0x00, 0x00, 0x00, 0xff,
  0x00, 0x00, 0x00, 0xff, 0x00, 0x00, 0x00, 0xff, 0x05, 0x20, 0x09, 0xff, 0x05, 0x20, 0x09, 0xff,
  0x00, 0x00, 0x00, 0xff, 0x00, 0x00, 0x00, 0xff, 0x00, 0x00, 0x00, 0xff, 0x00, 0x00, 0x00, 0xff,
  0x00, 0x00, 0x00, 0xff, 0x05, 0x20, 0x09, 0xff, 0x05, 0x20, 0x09, 0xff, 0x66, 0x30, 0x00, 0xff,
  0xff, 0x77, 0x00, 0xff, 0x66, 0x30, 0x00, 0xff, 0x00, 0x00, 0x00, 0xff, 0x00, 0x00, 0x00, 0xff,
  0x05, 0x20, 0x09, 0xff, 0x05, 0x20, 0x09, 0xff, 0x00, 0x00, 0x00, 0xff, 0x00, 0x00, 0x00, 0xff,
  0x00, 0x00, 0x00, 0xff, 0x00, 0x00, 0x00, 0xff, 0x00, 0x00, 0x00, 0xff, 0x05, 0x20, 0x09, 0xff,
  0x05, 0x20, 0x09, 0xff, 0x00, 0x00, 0x00, 0xff, 0x00, 0x00, 0x00, 0xff, 0x00, 0x00, 0x00, 0xff,
  0x00, 0x00, 0x00, 0xff, 0x00, 0x00, 0x00, 0xff, 0x05, 0x20, 0x09, 0xff, 0x05, 0x20, 0x09, 0xff,
  0x00, 0x00, 0x00, 0xff, 0x00, 0x00, 0x00, 0xff, 0x28, 0x21, 0x10, 0xff, 0xc9, 0xa3, 0x52, 0xff,
  0x63, 0x3f, 0x1e, 0xff, 0x4a, 0x25, 0x12, 0xff, 0x77, 0x47, 0x22, 0xff, 0x76, 0x47, 0x22, 0xff,
  0x76, 0x46, 0x22, 0xff, 0x75, 0x46, 0x22, 0xff, 0x75, 0x45, 0x21, 0xff, 0x39, 0x1e, 0x0f, 0xff,
  0x2b, 0x14, 0x0a, 0xcc, 0x00, 0x00, 0x00, 0x00, 0x00, 0x00, 0x00, 0x00, 0x00, 0x00, 0x00, 0x00,
  0x00, 0x00, 0x00, 0x00, 0x00, 0x00, 0x00, 0x00, 0x00, 0x00, 0x00, 0x00, 0x2b, 0x14, 0x0a, 0xcc,
  0x3e, 0x22, 0x11, 0xff, 0x8b, 0x59, 0x2d, 0xff, 0x8b, 0x59, 0x2c, 0xff, 0x8a, 0x58, 0x2c, 0xff,
  0x8a, 0x58, 0x2c, 0xff, 0x89, 0x57, 0x2c, 0xff, 0x4a, 0x25, 0x12, 0xff, 0x60, 0x3b, 0x1d, 0xff,
  0xc9, 0xa3, 0x52, 0xff, 0x4c, 0x3e, 0x1f, 0xff, 0x28, 0x21, 0x10, 0xff, 0x28, 0x21, 0x10, 0xff,
  0x28, 0x21, 0x10, 0xff, 0x28, 0x21, 0x10, 0xff, 0x23, 0x2b, 0x12, 0xff, 0x23, 0x2b, 0x12, 0xff,
  0x28, 0x21, 0x10, 0xff, 0x28, 0x21, 0x10, 0xff, 0x28, 0x21, 0x10, 0xff, 0x28, 0x21, 0x10, 0xff,
  0x28, 0x21, 0x10, 0xff, 0x23, 0x2b, 0x12, 0xff, 0x23, 0x2b, 0x12, 0xff, 0x53, 0x32, 0x0d, 0xff,
  0x94, 0x4c, 0x08, 0xff, 0x53, 0x32, 0x0d, 0xff, 0x28, 0x21, 0x10, 0xff, 0x28, 0x21, 0x10, 0xff,
  0x23, 0x2b, 0x12, 0xff, 0x23, 0x2b, 0x12, 0xff, 0x28, 0x21, 0x10, 0xff, 0x28, 0x21, 0x10, 0xff,
  0x28, 0x21, 0x10, 0xff, 0x28, 0x21, 0x10, 0xff, 0x28, 0x21, 0x10, 0xff, 0x23, 0x2b, 0x12, 0xff,
  0x23, 0x2b, 0x12, 0xff, 0x28, 0x21, 0x10, 0xff, 0x28, 0x21, 0x10, 0xff, 0x28, 0x21, 0x10, 0xff,
  0x28, 0x21, 0x10, 0xff, 0x28, 0x21, 0x10, 0xff, 0x23, 0x2b, 0x12, 0xff, 0x23, 0x2b, 0x12, 0xff,
  0x28, 0x21, 0x10, 0xff, 0x28, 0x21, 0x10, 0xff, 0x4c, 0x3e, 0x1f, 0xff, 0xc9, 0xa3, 0x52, 0xff,
  0x60, 0x3b, 0x1d, 0xff, 0x4a, 0x25, 0x12, 0xff, 0x76, 0x47, 0x22, 0xff, 0x76, 0x46, 0x22, 0xff,
  0x75, 0x46, 0x22, 0xff, 0x75, 0x45, 0x21, 0xff, 0x74, 0x45, 0x21, 0xff, 0x39, 0x1e, 0x0f, 0xff,
  0x2b, 0x14, 0x0a, 0xcc, 0x00, 0x00, 0x00, 0x00, 0x00, 0x00, 0x00, 0x00, 0x00, 0x00, 0x00, 0x00,
  0x00, 0x00, 0x00, 0x00, 0x00, 0x00, 0x00, 0x00, 0x00, 0x00, 0x00, 0x00, 0x2b, 0x14, 0x0a, 0xcc,
  0x3e, 0x22, 0x11, 0xff, 0x8b, 0x59, 0x2c, 0xff, 0x8a, 0x58, 0x2c, 0xff, 0x8a, 0x58, 0x2c, 0xff,
  0x89, 0x57, 0x2c, 0xff, 0x89, 0x57, 0x2b, 0xff, 0x4a, 0x25, 0x12, 0xff, 0x4c, 0x27, 0x13, 0xff,
  0xac, 0x86, 0x44, 0xff, 0xc9, 0xa3, 0x52, 0xff, 0xc9, 0xa3, 0x52, 0xff, 0xc9, 0xa3, 0x52, 0xff,
  0xc9, 0xa3, 0x52, 0xff, 0xc9, 0xa3, 0x52, 0xff, 0xc9, 0xa3, 0x52, 0xff, 0xc9, 0xa3, 0x52, 0xff,
  0xc9, 0xa3, 0x52, 0xff, 0xc9, 0xa3, 0x52, 0xff, 0xc9, 0xa3, 0x52, 0xff, 0xc9, 0xa3, 0x52, 0xff,
  0xc9, 0xa3, 0x52, 0xff, 0xc9, 0xa3, 0x52, 0xff, 0xc9, 0xa3, 0x52, 0xff, 0xc9, 0xa3, 0x52, 0xff,
  0xc9, 0xa3, 0x52, 0xff, 0xc9, 0xa3, 0x52, 0xff, 0xc9, 0xa3, 0x52, 0xff, 0xc9, 0xa3, 0x52, 0xff,
  0xc9, 0xa3, 0x52, 0xff, 0xc9, 0xa3, 0x52, 0xff, 0xc9, 0xa3, 0x52, 0xff, 0xc9, 0xa3, 0x52, 0xff,
  0xc9, 0xa3, 0x52, 0xff, 0xc9, 0xa3, 0x52, 0xff, 0xc9, 0xa3, 0x52, 0xff, 0xc9, 0xa3, 0x52, 0xff,
  0xc9, 0xa3, 0x52, 0xff, 0xc9, 0xa3, 0x52, 0xff, 0xc9, 0xa3, 0x52, 0xff, 0xc9, 0xa3, 0x52, 0xff,
  0xc9, 0xa3, 0x52, 0xff, 0xc9, 0xa3, 0x52, 0xff, 0xc9, 0xa3, 0x52, 0xff, 0xc9, 0xa3, 0x52, 0xff,
  0xc9, 0xa3, 0x52, 0xff, 0xc9, 0xa3, 0x52, 0xff, 0xc9, 0xa3, 0x52, 0xff, 0xab, 0x86, 0x43, 0xff,
  0x4c, 0x27, 0x13, 0xff, 0x4a, 0x25, 0x12, 0xff, 0x76, 0x46, 0x22, 0xff, 0x75, 0x46, 0x22, 0xff,
  0x75, 0x45, 0x21, 0xff, 0x74, 0x45, 0x21, 0xff, 0x74, 0x45, 0x21, 0xff, 0x39, 0x1e, 0x0f, 0xff,
  0x2b, 0x14, 0x0a, 0xcc, 0x00, 0x00, 0x00, 0x00, 0x00, 0x00, 0x00, 0x00, 0x00, 0x00, 0x00, 0x00,
  0x00, 0x00, 0x00, 0x00, 0x00, 0x00, 0x00, 0x00, 0x00, 0x00, 0x00, 0x00, 0x2b, 0x14, 0x0a, 0xcc,
  0x3e, 0x22, 0x11, 0xff, 0x8a, 0x58, 0x2c, 0xff, 0x8a, 0x58, 0x2c, 0xff, 0x89, 0x57, 0x2c, 0xff,
  0x89, 0x57, 0x2b, 0xff, 0x88, 0x57, 0x2b, 0xff, 0x4a, 0x25, 0x12, 0xff, 0x4a, 0x25, 0x12, 0xff,
  0x4c, 0x27, 0x13, 0xff, 0x60, 0x3b, 0x1d, 0xff, 0x63, 0x3f, 0x1e, 0xff, 0x63, 0x3f, 0x1e, 0xff,
  0x63, 0x3f, 0x1e, 0xff, 0x63, 0x3f, 0x1e, 0xff, 0x63, 0x3f, 0x1e, 0xff, 0x63, 0x3f, 0x1e, 0xff,
  0x63, 0x3f, 0x1e, 0xff, 0x63, 0x3f, 0x1e, 0xff, 0x63, 0x3f, 0x1e, 0xff, 0x63, 0x3f, 0x1e, 0xff,
  0x63, 0x3f, 0x1e, 0xff, 0x63, 0x3f, 0x1e, 0xff, 0x63, 0x3f, 0x1e, 0xff, 0x63, 0x3f, 0x1e, 0xff,
  0x63, 0x3f, 0x1e, 0xff, 0x63, 0x3f, 0x1e, 0xff, 0x63, 0x3f, 0x1e, 0xff, 0x63, 0x3f, 0x1e, 0xff,
  0x63, 0x3f, 0x1e, 0xff, 0x63, 0x3f, 0x1e, 0xff, 0x63, 0x3f, 0x1e, 0xff, 0x63, 0x3f, 0x1e, 0xff,
  0x63, 0x3f, 0x1e, 0xff, 0x63, 0x3f, 0x1e, 0xff, 0x63, 0x3f, 0x1e, 0xff, 0x63, 0x3f, 0x1e, 0xff,
  0x63, 0x3f, 0x1e, 0xff, 0x63, 0x3f, 0x1e, 0xff, 0x63, 0x3f, 0x1e, 0xff, 0x63, 0x3f, 0x1e, 0xff,
  0x63, 0x3f, 0x1e, 0xff, 0x63, 0x3f, 0x1e, 0xff, 0x63, 0x3f, 0x1e, 0xff, 0x63, 0x3f, 0x1e, 0xff,
  0x63, 0x3f, 0x1e, 0xff, 0x63, 0x3f, 0x1e, 0xff, 0x60, 0x3b, 0x1d, 0xff, 0x4b, 0x27, 0x13, 0xff,
  0x4a, 0x25, 0x12, 0xff, 0x4a, 0x25, 0x12, 0xff, 0x75, 0x46, 0x22, 0xff, 0x75, 0x45, 0x21, 0xff,
  0x74, 0x45, 0x21, 0xff, 0x74, 0x45, 0x21, 0xff, 0x73, 0x44, 0x21, 0xff, 0x39, 0x1e, 0x0f, 0xff,
  0x2b, 0x14, 0x0a, 0xcc, 0x00, 0x00, 0x00, 0x00, 0x00, 0x00, 0x00, 0x00, 0x00, 0x00, 0x00, 0x00,
  0x00, 0x00, 0x00, 0x00, 0x00, 0x00, 0x00, 0x00, 0x00, 0x00, 0x00, 0x00, 0x2b, 0x14, 0x0a, 0xcc,
  0x3e, 0x22, 0x11, 0xff, 0x8a, 0x58, 0x2c, 0xff, 0x89, 0x57, 0x2c, 0xff, 0x89, 0x57, 0x2b, 0xff,
  0x88, 0x57, 0x2b, 0xff, 0x88, 0x56, 0x2b, 0xff, 0x4a, 0x25, 0x12, 0xff, 0x4a, 0x25, 0x12, 0xff,
  0x4a, 0x25, 0x12, 0xff, 0x4a, 0x25, 0x12, 0xff, 0x4a, 0x25, 0x12, 0xff, 0x4a, 0x25, 0x12, 0xff,
  0x4a, 0x25, 0x12, 0xff, 0x4a, 0x25, 0x12, 0xff, 0x4a, 0x25, 0x12, 0xff, 0x4a, 0x25, 0x12, 0xff,
  0x4a, 0x25, 0x12, 0xff, 0x4a, 0x25, 0x12, 0xff, 0x4a, 0x25, 0x12, 0xff, 0x4a, 0x25, 0x12, 0xff,
  0x4a, 0x25, 0x12, 0xff, 0x4a, 0x25, 0x12, 0xff, 0x4a, 0x25, 0x12, 0xff, 0x4a, 0x25, 0x12, 0xff,
  0x4a, 0x25, 0x12, 0xff, 0x4a, 0x25, 0x12, 0xff, 0x4a, 0x25, 0x12, 0xff, 0x4a, 0x25, 0x12, 0xff,
  0x4a, 0x25, 0x12, 0xff, 0x4a, 0x25, 0x12, 0xff, 0x4a, 0x25, 0x12, 0xff, 0x4a, 0x25, 0x12, 0xff,
  0x4a, 0x25, 0x12, 0xff, 0x4a, 0x25, 0x12, 0xff, 0x4a, 0x25, 0x12, 0xff, 0x4a, 0x25, 0x12, 0xff,
  0x4a, 0x25, 0x12, 0xff, 0x4a, 0x25, 0x12, 0xff, 0x4a, 0x25, 0x12, 0xff, 0x4a, 0x25, 0x12, 0xff,
  0x4a, 0x25, 0x12, 0xff, 0x4a, 0x25, 0x12, 0xff, 0x4a, 0x25, 0x12, 0xff, 0x4a, 0x25, 0x12, 0xff,
  0x4a, 0x25, 0x12, 0xff, 0x4a, 0x25, 0x12, 0xff, 0x4a, 0x25, 0x12, 0xff, 0x4a, 0x25, 0x12, 0xff,
  0x4a, 0x25, 0x12, 0xff, 0x4a, 0x25, 0x12, 0xff, 0x75, 0x45, 0x21, 0xff, 0x74, 0x45, 0x21, 0xff,
  0x74, 0x45, 0x21, 0xff, 0x73, 0x44, 0x21, 0xff, 0x73, 0x44, 0x21, 0xff, 0x39, 0x1e, 0x0e, 0xff,
  0x2b, 0x14, 0x0a, 0xcc, 0x00, 0x00, 0x00, 0x00, 0x00, 0x00, 0x00, 0x00, 0x00, 0x00, 0x00, 0x00,
  0x00, 0x00, 0x00, 0x00, 0x00, 0x00, 0x00, 0x00, 0x00, 0x00, 0x00, 0x00, 0x2b, 0x14, 0x0a, 0xcc,
  0x3e, 0x22, 0x11, 0xff, 0x89, 0x57, 0x2c, 0xff, 0x89, 0x57, 0x2b, 0xff, 0x88, 0x57, 0x2b, 0xff,
  0x88, 0x56, 0x2b, 0xff, 0x88, 0x56, 0x2b, 0xff, 0xb8, 0x91, 0x4a, 0xff, 0xb8, 0x91, 0x4a, 0xff,
  0xb8, 0x91, 0x4a, 0xff, 0xb8, 0x91, 0x4a, 0xff, 0xb8, 0x91, 0x4a, 0xff, 0xb8, 0x91, 0x4a, 0xff,
  0xb8, 0x91, 0x4a, 0xff, 0xb8, 0x91, 0x4a, 0xff, 0xb8, 0x91, 0x4a, 0xff, 0xb8, 0x91, 0x4a, 0xff,
  0xb8, 0x91, 0x4a, 0xff, 0xb8, 0x91, 0x4a, 0xff, 0xb8, 0x91, 0x4a, 0xff, 0xb8, 0x91, 0x4a, 0xff,
  0xb8, 0x91, 0x4a, 0xff, 0xb8, 0x91, 0x4a, 0xff, 0xb8, 0x91, 0x4a, 0xff, 0xb8, 0x91, 0x4a, 0xff,
  0xb8, 0x91, 0x4a, 0xff, 0xb8, 0x91, 0x4a, 0xff, 0xb8, 0x91, 0x4a, 0xff, 0xb8, 0x91, 0x4a, 0xff,
  0xb8, 0x91, 0x4a, 0xff, 0xb8, 0x91, 0x4a, 0xff, 0xb8, 0x91, 0x4a, 0xff, 0xb8, 0x91, 0x4a, 0xff,
  0xb8, 0x91, 0x4a, 0xff, 0xb8, 0x91, 0x4a, 0xff, 0xb8, 0x91, 0x4a, 0xff, 0xb8, 0x91, 0x4a, 0xff,
  0xb8, 0x91, 0x4a, 0xff, 0xb8, 0x91, 0x4a, 0xff, 0xb8, 0x91, 0x4a, 0xff, 0xb8, 0x91, 0x4a, 0xff,
  0xb8, 0x91, 0x4a, 0xff, 0xb8, 0x91, 0x4a, 0xff, 0xb8, 0x91, 0x4a, 0xff, 0xb8, 0x91, 0x4a, 0xff,
  0xb8, 0x91, 0x4a, 0xff, 0xb8, 0x91, 0x4a, 0xff, 0xb8, 0x91, 0x4a, 0xff, 0xb8, 0x91, 0x4a, 0xff,
  0xb8, 0x91, 0x4a, 0xff, 0xb8, 0x91, 0x4a, 0xff, 0x74, 0x45, 0x21, 0xff, 0x74, 0x45, 0x21, 0xff,
  0x73, 0x44, 0x21, 0xff, 0x73, 0x44, 0x20, 0xff, 0x73, 0x43, 0x20, 0xff, 0x39, 0x1d, 0x0e, 0xff,
  0x2b, 0x14, 0x0a, 0xcc, 0x00, 0x00, 0x00, 0x00, 0x00, 0x00, 0x00, 0x00, 0x00, 0x00, 0x00, 0x00,
  0x00, 0x00, 0x00, 0x00, 0x00, 0x00, 0x00, 0x00, 0x00, 0x00, 0x00, 0x00, 0x2b, 0x14, 0x0a, 0xcc,
  0x3d, 0x21, 0x11, 0xff, 0x89, 0x57, 0x2b, 0xff, 0x88, 0x57, 0x2b, 0xff, 0x88, 0x56, 0x2b, 0xff,
  0x88, 0x56, 0x2b, 0xff, 0x87, 0x55, 0x2b, 0xff, 0x4a, 0x25, 0x12, 0xff, 0x4a, 0x25, 0x12, 0xff,
  0x4a, 0x25, 0x12, 0xff, 0x4a, 0x25, 0x12, 0xff, 0x4a, 0x25, 0x12, 0xff, 0x4a, 0x25, 0x12, 0xff,
  0x4a, 0x25, 0x12, 0xff, 0x4a, 0x25, 0x12, 0xff, 0x4a, 0x25, 0x12, 0xff, 0x4a, 0x25, 0x12, 0xff,
  0x4a, 0x25, 0x12, 0xff, 0x4a, 0x25, 0x12, 0xff, 0x4a, 0x25, 0x12, 0xff, 0x4a, 0x25, 0x12, 0xff,
  0x4a, 0x25, 0x12, 0xff, 0x4a, 0x25, 0x12, 0xff, 0x4a, 0x25, 0x12, 0xff, 0x4a, 0x25, 0x12, 0xff,
  0x4a, 0x25, 0x12, 0xff, 0x4a, 0x25, 0x12, 0xff, 0x4a, 0x25, 0x12, 0xff, 0x4a, 0x25, 0x12, 0xff,
  0x4a, 0x25, 0x12, 0xff, 0x4a, 0x25, 0x12, 0xff, 0x4a, 0x25, 0x12, 0xff, 0x4a, 0x25, 0x12, 0xff,
  0x4a, 0x25, 0x12, 0xff, 0x4a, 0x25, 0x12, 0xff, 0x4a, 0x25, 0x12, 0xff, 0x4a, 0x25, 0x12, 0xff,
  0x4a, 0x25, 0x12, 0xff, 0x4a, 0x25, 0x12, 0xff, 0x4a, 0x25, 0x12, 0xff, 0x4a, 0x25, 0x12, 0xff,
  0x4a, 0x25, 0x12, 0xff, 0x4a, 0x25, 0x12, 0xff, 0x4a, 0x25, 0x12, 0xff, 0x4a, 0x25, 0x12, 0xff,
  0x4a, 0x25, 0x12, 0xff, 0x4a, 0x25, 0x12, 0xff, 0x4a, 0x25, 0x12, 0xff, 0x4a, 0x25, 0x12, 0xff,
  0x4a, 0x25, 0x12, 0xff, 0x4a, 0x25, 0x12, 0xff, 0x74, 0x45, 0x21, 0xff, 0x73, 0x44, 0x21, 0xff,
  0x73, 0x44, 0x20, 0xff, 0x73, 0x43, 0x20, 0xff, 0x72, 0x43, 0x20, 0xff, 0x39, 0x1d, 0x0e, 0xff,
  0x2b, 0x14, 0x0a, 0xcc, 0x00, 0x00, 0x00, 0x00, 0x00, 0x00, 0x00, 0x00, 0x00, 0x00, 0x00, 0x00,
  0x00, 0x00, 0x00, 0x00, 0x00, 0x00, 0x00, 0x00, 0x00, 0x00, 0x00, 0x00, 0x2b, 0x14, 0x0a, 0xcc,
  0x3d, 0x21, 0x11, 0xff, 0x88, 0x57, 0x2b, 0xff, 0x88, 0x56, 0x2b, 0xff, 0x88, 0x56, 0x2b, 0xff,
  0x87, 0x55, 0x2b, 0xff, 0x87, 0x55, 0x2a, 0xff, 0x4a, 0x25, 0x12, 0xff, 0x4a, 0x25, 0x12, 0xff,
  0x4a, 0x25, 0x12, 0xff, 0x4a, 0x25, 0x12, 0xff, 0x4a, 0x25, 0x12, 0xff, 0x4a, 0x25, 0x12, 0xff,
  0x4a, 0x25, 0x12, 0xff, 0x4a, 0x25, 0x12, 0xff, 0x4a, 0x25, 0x12, 0xff, 0x4a, 0x25, 0x12, 0xff,
  0x4a, 0x25, 0x12, 0xff, 0x4a, 0x25, 0x12, 0xff, 0x4a, 0x25, 0x12, 0xff, 0x4a, 0x25, 0x12, 0xff,
  0x4a, 0x25, 0x12, 0xff, 0x4a, 0x25, 0x12, 0xff, 0x4a, 0x25, 0x12, 0xff, 0x4a, 0x25, 0x12, 0xff,
  0x4a, 0x25, 0x12, 0xff, 0x4a, 0x25, 0x12, 0xff, 0x4a, 0x25, 0x12, 0xff, 0x4a, 0x25, 0x12, 0xff,
  0x4a, 0x25, 0x12, 0xff, 0x4a, 0x25, 0x12, 0xff, 0x4a, 0x25, 0x12, 0xff, 0x4a, 0x25, 0x12, 0xff,
  0x4a, 0x25, 0x12, 0xff, 0x4a, 0x25, 0x12, 0xff, 0x4a, 0x25, 0x12, 0xff, 0x4a, 0x25, 0x12, 0xff,
  0x4a, 0x25, 0x12, 0xff, 0x4a, 0x25, 0x12, 0xff, 0x4a, 0x25, 0x12, 0xff, 0x4a, 0x25, 0x12, 0xff,
  0x4a, 0x25, 0x12, 0xff, 0x4a, 0x25, 0x12, 0xff, 0x4a, 0x25, 0x12, 0xff, 0x4a, 0x25, 0x12, 0xff,
  0x4a, 0x25, 0x12, 0xff, 0x4a, 0x25, 0x12, 0xff, 0x4a, 0x25, 0x12, 0xff, 0x4a, 0x25, 0x12, 0xff,
  0x4a, 0x25, 0x12, 0xff, 0x4a, 0x25, 0x12, 0xff, 0x73, 0x44, 0x21, 0xff, 0x73, 0x44, 0x20, 0xff,
  0x73, 0x43, 0x20, 0xff, 0x72, 0x43, 0x20, 0xff, 0x72, 0x43, 0x20, 0xff, 0x39, 0x1d, 0x0e, 0xff,
  0x2b, 0x14, 0x0a, 0xcc, 0x00, 0x00, 0x00, 0x00, 0x00, 0x00, 0x00, 0x00, 0x00, 0x00, 0x00, 0x00,
  0x00, 0x00, 0x00, 0x00, 0x00, 0x00, 0x00, 0x00, 0x00, 0x00, 0x00, 0x00, 0x2b, 0x14, 0x0a, 0xcc,
  0x3d, 0x21, 0x11, 0xff, 0x88, 0x56, 0x2b, 0xff, 0x87, 0x56, 0x2b, 0xff, 0x87, 0x55, 0x2b, 0xff,
  0x87, 0x55, 0x2a, 0xff, 0x86, 0x55, 0x2a, 0xff, 0x4a, 0x25, 0x12, 0xff, 0x4a, 0x25, 0x12, 0xff,
  0x4a, 0x25, 0x12, 0xff, 0x4a, 0x25, 0x12, 0xff, 0x4a, 0x25, 0x12, 0xff, 0x4a, 0x25, 0x12, 0xff,
  0x4a, 0x25, 0x12, 0xff, 0x1d, 0x0e, 0x07, 0xff, 0x10, 0x08, 0x04, 0xff, 0x10, 0x08, 0x04, 0xff,
  0x10, 0x08, 0x04, 0xff, 0x10, 0x08, 0x04, 0xff, 0x10, 0x08, 0x04, 0xff, 0x10, 0x08, 0x04, 0xff,
  0x10, 0x08, 0x04, 0xff, 0x10, 0x08, 0x04, 0xff, 0x10, 0x08, 0x04, 0xff, 0x10, 0x08, 0x04, 0xff,
  0x10, 0x08, 0x04, 0xff, 0x10, 0x08, 0x04, 0xff, 0x10, 0x08, 0x04, 0xff, 0x10, 0x08, 0x04, 0xff,
  0x10, 0x08, 0x04, 0xff, 0x10, 0x08, 0x04, 0xff, 0x10, 0x08, 0x04, 0xff, 0x10, 0x08, 0x04, 0xff,
  0x10, 0x08, 0x04, 0xff, 0x10, 0x08, 0x04, 0xff, 0x10, 0x08, 0x04, 0xff, 0x10, 0x08, 0x04, 0xff,
  0x10, 0x08, 0x04, 0xff, 0x10, 0x08, 0x04, 0xff, 0x10, 0x08, 0x04, 0xff, 0x10, 0x08, 0x04, 0xff,
  0x10, 0x08, 0x04, 0xff, 0x10, 0x08, 0x04, 0xff, 0x1d, 0x0f, 0x07, 0xff, 0x4a, 0x25, 0x12, 0xff,
  0x5a, 0x3a, 0x28, 0xff, 0x7f, 0x7b, 0x62, 0xff, 0x85, 0x85, 0x6b, 0xff, 0x6c, 0x58, 0x44, 0xff,
  0x4a, 0x26, 0x13, 0xff, 0x4a, 0x25, 0x12, 0xff, 0x73, 0x44, 0x20, 0xff, 0x72, 0x43, 0x20, 0xff,
  0x72, 0x43, 0x20, 0xff, 0x72, 0x43, 0x20, 0xff, 0x71, 0x42, 0x20, 0xff, 0x39, 0x1d, 0x0e, 0xff,
  0x2b, 0x14, 0x0a, 0xcc, 0x00, 0x00, 0x00, 0x00, 0x00, 0x00, 0x00, 0x00, 0x00, 0x00, 0x00, 0x00,
  0x00, 0x00, 0x00, 0x00, 0x00, 0x00, 0x00, 0x00, 0x00, 0x00, 0x00, 0x00, 0x2b, 0x14, 0x0a, 0xcc,
  0x3d, 0x21, 0x11, 0xff, 0x87, 0x56, 0x2b, 0xff, 0x87, 0x55, 0x2b, 0xff, 0x87, 0x55, 0x2a, 0xff,
  0x86, 0x55, 0x2a, 0xff, 0x86, 0x54, 0x2a, 0xff, 0x4a, 0x25, 0x12, 0xff, 0x4a, 0x25, 0x12, 0xff,
  0x9b, 0x5c, 0x27, 0xff, 0xf4, 0x98, 0x3d, 0xff, 0xde, 0x8a, 0x37, 0xff, 0x67, 0x39, 0x19, 0xff,
  0x4a, 0x25, 0x12, 0xff, 0x10, 0x08, 0x04, 0xff, 0xd9, 0xce, 0xb4, 0xff, 0xef, 0xe4, 0xc8, 0xff,
  0xef, 0xe4, 0xc8, 0xff, 0xef, 0xe4, 0xc8, 0xff, 0x7f, 0x76, 0x66, 0xff, 0x53, 0x4b, 0x3f, 0xff,
  0xed, 0xe2, 0xc6, 0xff, 0xef, 0xe4, 0xc8, 0xff, 0xef, 0xe4, 0xc8, 0xff, 0xe7, 0xdd, 0xc2, 0xff,
  0x2c, 0x24, 0x1c, 0xff, 0xac, 0xa1, 0x8d, 0xff, 0xef, 0xe4, 0xc8, 0xff, 0xef, 0xe4, 0xc8, 0xff,
  0xef, 0xe4, 0xc8, 0xff, 0xac, 0xa1, 0x8d, 0xff, 0x2d, 0x25, 0x1d, 0xff, 0xe7, 0xdd, 0xc2, 0xff,
  0xef, 0xe4, 0xc8, 0xff, 0xef, 0xe4, 0xc8, 0xff, 0xed, 0xe2, 0xc6, 0xff, 0x53, 0x4b, 0x3f, 0xff,
  0x7f, 0x76, 0x66, 0xff, 0xef, 0xe4, 0xc8, 0xff, 0xef, 0xe4, 0xc8, 0xff, 0xef, 0xe4, 0xc8, 0xff,
  0xd8, 0xcd, 0xb3, 0xff, 0x10, 0x08, 0x04, 0xff, 0x10, 0x08, 0x04, 0xff, 0x55, 0x35, 0x22, 0xff,
  0x8b, 0x91, 0x75, 0xff, 0x5e, 0xd2, 0x73, 0xff, 0x55, 0xdb, 0x71, 0xff, 0x79, 0xab, 0x75, 0xff,
  0x72, 0x64, 0x4d, 0xff, 0x4a, 0x25, 0x12, 0xff, 0x72, 0x43, 0x20, 0xff, 0x72, 0x43, 0x20, 0xff,
  0x72, 0x43, 0x20, 0xff, 0x71, 0x42, 0x20, 0xff, 0x71, 0x42, 0x1f, 0xff, 0x38, 0x1d, 0x0e, 0xff,
  0x2b, 0x14, 0x0a, 0xcc, 0x00, 0x00, 0x00, 0x00, 0x00, 0x00, 0x00, 0x00, 0x00, 0x00, 0x00, 0x00,
  0x00, 0x00, 0x00, 0x00, 0x00, 0x00, 0x00, 0x00, 0x00, 0x00, 0x00, 0x00, 0x2b, 0x14, 0x0a, 0xcc,
  0x3d, 0x21, 0x11, 0xff, 0x87, 0x55, 0x2b, 0xff, 0x87, 0x55, 0x2a, 0xff, 0x86, 0x55, 0x2a, 0xff,
  0x86, 0x54, 0x2a, 0xff, 0x85, 0x54, 0x2a, 0xff, 0x4a, 0x25, 0x12, 0xff, 0x5c, 0x31, 0x16, 0xff,
  0xfe, 0x9f, 0x3f, 0xff, 0xff, 0xa0, 0x40, 0xff, 0xff, 0xa0, 0x40, 0xff, 0xc6, 0x7a, 0x32, 0xff,
  0x4a, 0x25, 0x12, 0xff, 0x10, 0x08, 0x04, 0xff, 0xef, 0xe4, 0xc8, 0xff, 0xef, 0xe4, 0xc8, 0xff,
  0xef, 0xe4, 0xc8, 0xff, 0xef, 0xe4, 0xc8, 0xff, 0x95, 0x8c, 0x7a, 0xff, 0x6a, 0x60, 0x52, 0xff,
  0xef, 0xe4, 0xc8, 0xff, 0xef, 0xe4, 0xc8, 0xff, 0xef, 0xe4, 0xc8, 0xff, 0xef, 0xe4, 0xc8, 0xff,
  0x3d, 0x34, 0x2b, 0xff, 0xc2, 0xb8, 0xa1, 0xff, 0xef, 0xe4, 0xc8, 0xff, 0xef, 0xe4, 0xc8, 0xff,
  0xef, 0xe4, 0xc8, 0xff, 0xc2, 0xb8, 0xa1, 0xff, 0x3d, 0x34, 0x2b, 0xff, 0xef, 0xe4, 0xc8, 0xff,
  0xef, 0xe4, 0xc8, 0xff, 0xef, 0xe4, 0xc8, 0xff, 0xef, 0xe4, 0xc8, 0xff, 0x6a, 0x60, 0x52, 0xff,
  0x95, 0x8c, 0x7a, 0xff, 0xef, 0xe4, 0xc8, 0xff, 0xef, 0xe4, 0xc8, 0xff, 0xef, 0xe4, 0xc8, 0xff,
  0xef, 0xe4, 0xc8, 0xff, 0x10, 0x08, 0x04, 0xff, 0x10, 0x08, 0x04, 0xff, 0x72, 0x64, 0x4e, 0xff,
  0x67, 0xc8, 0x75, 0xff, 0x50, 0xe0, 0x70, 0xff, 0x50, 0xe0, 0x70, 0xff, 0x50, 0xdf, 0x70, 0xff,
  0x8a, 0x8d, 0x73, 0xff, 0x4a, 0x25, 0x12, 0xff, 0x72, 0x43, 0x20, 0xff, 0x72, 0x43, 0x20, 0xff,
  0x71, 0x42, 0x20, 0xff, 0x71, 0x42, 0x1f, 0xff, 0x70, 0x42, 0x1f, 0xff, 0x38, 0x1d, 0x0e, 0xff,
  0x2b, 0x14, 0x0a, 0xcc, 0x00, 0x00, 0x00, 0x00, 0x00, 0x00, 0x00, 0x00, 0x00, 0x00, 0x00, 0x00,
  0x00, 0x00, 0x00, 0x00, 0x00, 0x00, 0x00, 0x00, 0x00, 0x00, 0x00, 0x00, 0x2b, 0x14, 0x0a, 0xcc,
  0x3d, 0x21, 0x10, 0xff, 0x87, 0x55, 0x2a, 0xff, 0x86, 0x55, 0x2a, 0xff, 0x86, 0x54, 0x2a, 0xff,
  0x85, 0x54, 0x2a, 0xff, 0x85, 0x53, 0x29, 0xff, 0x4a, 0x25, 0x12, 0xff, 0x5c, 0x31, 0x16, 0xff,
  0xfe, 0x9f, 0x3f, 0xff, 0xff, 0xa0, 0x40, 0xff, 0xff, 0xa0, 0x40, 0xff, 0xc6, 0x7a, 0x32, 0xff,
  0x4a, 0x25, 0x12, 0xff, 0x10, 0x08, 0x04, 0xff, 0xef, 0xe4, 0xc8, 0xff, 0xef, 0xe4, 0xc8, 0xff,
  0xef, 0xe4, 0xc8, 0xff, 0xef, 0xe4, 0xc8, 0xff, 0x95, 0x8c, 0x7a, 0xff, 0x6a, 0x60, 0x52, 0xff,
  0xef, 0xe4, 0xc8, 0xff, 0xef, 0xe4, 0xc8, 0xff, 0xef, 0xe4, 0xc8, 0xff, 0xef, 0xe4, 0xc8, 0xff,
  0x3d, 0x34, 0x2b, 0xff, 0xc2, 0xb8, 0xa1, 0xff, 0xef, 0xe4, 0xc8, 0xff, 0xef, 0xe4, 0xc8, 0xff,
  0xef, 0xe4, 0xc8, 0xff, 0xc2, 0xb8, 0xa1, 0xff, 0x3d, 0x34, 0x2b, 0xff, 0xef, 0xe4, 0xc8, 0xff,
  0xef, 0xe4, 0xc8, 0xff, 0xef, 0xe4, 0xc8, 0xff, 0xef, 0xe4, 0xc8, 0xff, 0x6a, 0x60, 0x52, 0xff,
  0x95, 0x8c, 0x7a, 0xff, 0xef, 0xe4, 0xc8, 0xff, 0xef, 0xe4, 0xc8, 0xff, 0xef, 0xe4, 0xc8, 0xff,
  0xef, 0xe4, 0xc8, 0xff, 0x10, 0x08, 0x04, 0xff, 0x10, 0x08, 0x04, 0xff, 0x72, 0x63, 0x4d, 0xff,
  0x67, 0xc7, 0x75, 0xff, 0x50, 0xe0, 0x70, 0xff, 0x50, 0xe0, 0x70, 0xff, 0x50, 0xdf, 0x70, 0xff,
  0x8a, 0x8d, 0x73, 0xff, 0x4a, 0x25, 0x12, 0xff, 0x72, 0x43, 0x20, 0xff, 0x71, 0x42, 0x20, 0xff,
  0x71, 0x42, 0x1f, 0xff, 0x70, 0x41, 0x1f, 0xff, 0x70, 0x41, 0x1f, 0xff, 0x38, 0x1d, 0x0e, 0xff,
  0x2b, 0x14, 0x0a, 0xcc, 0x00, 0x00, 0x00, 0x00, 0x00, 0x00, 0x00, 0x00, 0x00, 0x00, 0x00, 0x00,
  0x00, 0x00, 0x00, 0x00, 0x00, 0x00, 0x00, 0x00, 0x00, 0x00, 0x00, 0x00, 0x2b, 0x14, 0x0a, 0xcc,
  0x3d, 0x21, 0x10, 0xff, 0x86, 0x55, 0x2a, 0xff, 0x86, 0x54, 0x2a, 0xff, 0x85, 0x54, 0x2a, 0xff,
  0x85, 0x53, 0x29, 0xff, 0x84, 0x53, 0x29, 0xff, 0x4a, 0x25, 0x12, 0xff, 0x4a, 0x25, 0x12, 0xff,
  0x99, 0x5b, 0x26, 0xff, 0xf3, 0x97, 0x3d, 0xff, 0xdd, 0x89, 0x37, 0xff, 0x66, 0x38, 0x19, 0xff,
  0x4a, 0x25, 0x12, 0xff, 0x10, 0x08, 0x04, 0xff, 0xd8, 0xcd, 0xb3, 0xff, 0xef, 0xe4, 0xc8, 0xff,
  0xef, 0xe4, 0xc8, 0xff, 0xef, 0xe4, 0xc8, 0xff, 0x7e, 0x75, 0x65, 0xff, 0x53, 0x4b, 0x3f, 0xff,
  0xed, 0xe2, 0xc6, 0xff, 0xef, 0xe4, 0xc8, 0xff, 0xef, 0xe4, 0xc8, 0xff, 0xe7, 0xdd, 0xc2, 0xff,
  0x2c, 0x24, 0x1c, 0xff, 0xab, 0xa0, 0x8c, 0xff, 0xef, 0xe4, 0xc8, 0xff, 0xef, 0xe4, 0xc8, 0xff,
  0xef, 0xe4, 0xc8, 0xff, 0xab, 0xa0, 0x8c, 0xff, 0x2c, 0x24, 0x1c, 0xff, 0xe7, 0xdd, 0xc2, 0xff,
  0xef, 0xe4, 0xc8, 0xff, 0xef, 0xe4, 0xc8, 0xff, 0xed, 0xe2, 0xc6, 0xff, 0x53, 0x4b, 0x3f, 0xff,
  0x7f, 0x76, 0x66, 0xff, 0xef, 0xe4, 0xc8, 0xff, 0xef, 0xe4, 0xc8, 0xff, 0xef, 0xe4, 0xc8, 0xff,
  0xd8, 0xcd, 0xb3, 0xff, 0x10, 0x08, 0x04, 0xff, 0x10, 0x08, 0x04, 0xff, 0x56, 0x34, 0x21, 0xff,
  0x8b, 0x91, 0x75, 0xff, 0x5d, 0xd2, 0x73, 0xff, 0x55, 0xdb, 0x72, 0xff, 0x79, 0xa9, 0x74, 0xff,
  0x72, 0x63, 0x4d, 0xff, 0x4a, 0x25, 0x12, 0xff, 0x71, 0x42, 0x20, 0xff, 0x71, 0x42, 0x1f, 0xff,
  0x70, 0x41, 0x1f, 0xff, 0x70, 0x41, 0x1f, 0xff, 0x6f, 0x41, 0x1f, 0xff, 0x38, 0x1d, 0x0e, 0xff,
  0x2b, 0x14, 0x0a, 0xcc, 0x00, 0x00, 0x00, 0x00, 0x00, 0x00, 0x00, 0x00, 0x00, 0x00, 0x00, 0x00,
  0x00, 0x00, 0x00, 0x00, 0x00, 0x00, 0x00, 0x00, 0x00, 0x00, 0x00, 0x00, 0x2b, 0x14, 0x0a, 0xcc,
  0x3d, 0x21, 0x10, 0xff, 0x86, 0x54, 0x2a, 0xff, 0x85, 0x54, 0x2a, 0xff, 0x85, 0x53, 0x29, 0xff,
  0x75, 0x4a, 0x24, 0xff, 0x5b, 0x39, 0x1c, 0xff, 0x36, 0x1b, 0x0d, 0xff, 0x43, 0x21, 0x10, 0xff,
  0x4a, 0x25, 0x12, 0xff, 0x4a, 0x25, 0x12, 0xff, 0x4a, 0x25, 0x12, 0xff, 0x4a, 0x25, 0x12, 0xff,
  0x4a, 0x25, 0x12, 0xff, 0x1d, 0x0f, 0x07, 0xff, 0x10, 0x08, 0x04, 0xff, 0x10, 0x08, 0x04, 0xff,
  0x10, 0x08, 0x04, 0xff, 0x10, 0x08, 0x04, 0xff, 0x10, 0x08, 0x04, 0xff, 0x10, 0x08, 0x04, 0xff,
  0x10, 0x08, 0x04, 0xff, 0x10, 0x08, 0x04, 0xff, 0x10, 0x08, 0x04, 0xff, 0x10, 0x08, 0x04, 0xff,
  0x10, 0x08, 0x04, 0xff, 0x10, 0x08, 0x04, 0xff, 0x10, 0x08, 0x04, 0xff, 0x10, 0x08, 0x04, 0xff,
  0x10, 0x08, 0x04, 0xff, 0x10, 0x08, 0x04, 0xff, 0x10, 0x08, 0x04, 0xff, 0x10, 0x08, 0x04, 0xff,
  0x10, 0x08, 0x04, 0xff, 0x10, 0x08, 0x04, 0xff, 0x10, 0x08, 0x04, 0xff, 0x10, 0x08, 0x04, 0xff,
  0x10, 0x08, 0x04, 0xff, 0x10, 0x08, 0x04, 0xff, 0x10, 0x08, 0x04, 0xff, 0x10, 0x08, 0x04, 0xff,
  0x10, 0x08, 0x04, 0xff, 0x10, 0x08, 0x04, 0xff, 0x1e, 0x0f, 0x07, 0xff, 0x4a, 0x25, 0x12, 0xff,
  0x58, 0x39, 0x27, 0xff, 0x7e, 0x7b, 0x61, 0xff, 0x85, 0x84, 0x6a, 0xff, 0x6b, 0x57, 0x42, 0xff,
  0x44, 0x22, 0x10, 0xff, 0x36, 0x1b, 0x0d, 0xff, 0x4f, 0x2e, 0x15, 0xff, 0x64, 0x3a, 0x1b, 0xff,
  0x70, 0x41, 0x1f, 0xff, 0x6f, 0x41, 0x1f, 0xff, 0x6f, 0x40, 0x1e, 0xff, 0x38, 0x1d, 0x0e, 0xff,
  0x2b, 0x14, 0x0a, 0xcc, 0x00, 0x00, 0x00, 0x00, 0x00, 0x00, 0x00, 0x00, 0x00, 0x00, 0x00, 0x00,
  0x00, 0x00, 0x00, 0x00, 0x00, 0x00, 0x00, 0x00, 0x00, 0x00, 0x00, 0x00, 0x2b, 0x14, 0x0a, 0xcc,
  0x3d, 0x21, 0x10, 0xff, 0x85, 0x54, 0x2a, 0xff, 0x82, 0x51, 0x28, 0xff, 0x43, 0x28, 0x13, 0xff,
  0x20, 0x10, 0x08, 0xff, 0x22, 0x12, 0x08, 0xff, 0x20, 0x11, 0x07, 0xff, 0x1a, 0x0d, 0x06, 0xff,
  0x27, 0x13, 0x09, 0xff, 0x48, 0x24, 0x12, 0xff, 0x4a, 0x25, 0x12, 0xff, 0x4a, 0x25, 0x12, 0xff,
  0x4a, 0x25, 0x12, 0xff, 0x4a, 0x25, 0x12, 0xff, 0x4a, 0x25, 0x12, 0xff, 0x4a, 0x25, 0x12, 0xff,
  0x4a, 0x25, 0x12, 0xff, 0x4a, 0x25, 0x12, 0xff, 0x4a, 0x25, 0x12, 0xff, 0x4a, 0x25, 0x12, 0xff,
  0x4a, 0x25, 0x12, 0xff, 0x4a, 0x25, 0x12, 0xff, 0x4a, 0x25, 0x12, 0xff, 0x4a, 0x25, 0x12, 0xff,
  0x4a, 0x25, 0x12, 0xff, 0x4a, 0x25, 0x12, 0xff, 0x4a, 0x25, 0x12, 0xff, 0x4a, 0x25, 0x12, 0xff,
  0x4a, 0x25, 0x12, 0xff, 0x4a, 0x25, 0x12, 0xff, 0x4a, 0x25, 0x12, 0xff, 0x4a, 0x25, 0x12, 0xff,
  0x4a, 0x25, 0x12, 0xff, 0x4a, 0x25, 0x12, 0xff, 0x4a, 0x25, 0x12, 0xff, 0x4a, 0x25, 0x12, 0xff,
  0x4a, 0x25, 0x12, 0xff, 0x4a, 0x25, 0x12, 0xff, 0x4a, 0x25, 0x12, 0xff, 0x4a, 0x25, 0x12, 0xff,
  0x4a, 0x25, 0x12, 0xff, 0x4a, 0x25, 0x12, 0xff, 0x4a, 0x25, 0x12, 0xff, 0x4a, 0x25, 0x12, 0xff,
  0x4a, 0x25, 0x12, 0xff, 0x4a, 0x25, 0x12, 0xff, 0x48, 0x24, 0x12, 0xff, 0x2b, 0x14, 0x0a, 0xff,
  0x1b, 0x0d, 0x06, 0xff, 0x20, 0x11, 0x07, 0xff, 0x21, 0x11, 0x08, 0xff, 0x1d, 0x0f, 0x07, 0xff,
  0x34, 0x1d, 0x0e, 0xff, 0x6c, 0x3e, 0x1d, 0xff, 0x6e, 0x40, 0x1e, 0xff, 0x38, 0x1d, 0x0e, 0xff,
  0x2b, 0x14, 0x0a, 0xcc, 0x00, 0x00, 0x00, 0x00, 0x00, 0x00, 0x00, 0x00, 0x00, 0x00, 0x00, 0x00,
  0x00, 0x00, 0x00, 0x00, 0x00, 0x00, 0x00, 0x00, 0x00, 0x00, 0x00, 0x00, 0x2b, 0x14, 0x0a, 0xcc,
  0x3d, 0x21, 0x10, 0xff, 0x85, 0x53, 0x29, 0xff, 0x43, 0x28, 0x13, 0xff, 0x21, 0x11, 0x08, 0xff,
  0x2a, 0x16, 0x0a, 0xff, 0x2a, 0x16, 0x0a, 0xff, 0x2a, 0x16, 0x0a, 0xff, 0x2a, 0x16, 0x0a, 0xff,
  0x20, 0x10, 0x07, 0xff, 0x2b, 0x15, 0x0a, 0xff, 0x4a, 0x25, 0x12, 0xff, 0x4a, 0x25, 0x12, 0xff,
  0x4a, 0x25, 0x12, 0xff, 0x4a, 0x25, 0x12, 0xff, 0x4a, 0x25, 0x12, 0xff, 0x4a, 0x25, 0x12, 0xff,
  0x4a, 0x25, 0x12, 0xff, 0x4a, 0x25, 0x12, 0xff, 0x4a, 0x25, 0x12, 0xff, 0x4a, 0x25, 0x12, 0xff,
  0x4a, 0x25, 0x12, 0xff, 0x4a, 0x25, 0x12, 0xff, 0x4a, 0x25, 0x12, 0xff, 0x4a, 0x25, 0x12, 0xff,
  0x4a, 0x25, 0x12, 0xff, 0x4a, 0x25, 0x12, 0xff, 0x4a, 0x25, 0x12, 0xff, 0x4a, 0x25, 0x12, 0xff,
  0x4a, 0x25, 0x12, 0xff, 0x4a, 0x25, 0x12, 0xff, 0x4a, 0x25, 0x12, 0xff, 0x4a, 0x25, 0x12, 0xff,
  0x4a, 0x25, 0x12, 0xff, 0x4a, 0x25, 0x12, 0xff, 0x4a, 0x25, 0x12, 0xff, 0x4a, 0x25, 0x12, 0xff,
  0x4a, 0x25, 0x12, 0xff, 0x4a, 0x25, 0x12, 0xff, 0x4a, 0x25, 0x12, 0xff, 0x4a, 0x25, 0x12, 0xff,
  0x4a, 0x25, 0x12, 0xff, 0x4a, 0x25, 0x12, 0xff, 0x4a, 0x25, 0x12, 0xff, 0x4a, 0x25, 0x12, 0xff,
  0x4a, 0x25, 0x12, 0xff, 0x4a, 0x25, 0x12, 0xff, 0x2b, 0x14, 0x0a, 0xff, 0x1f, 0x10, 0x07, 0xff,
  0x2a, 0x16, 0x0a, 0xff, 0x2a, 0x16, 0x0a, 0xff, 0x2a, 0x16, 0x0a, 0xff, 0x2a, 0x16, 0x0a, 0xff,
  0x21, 0x11, 0x08, 0xff, 0x39, 0x20, 0x0f, 0xff, 0x6e, 0x40, 0x1e, 0xff, 0x38, 0x1d, 0x0e, 0xff,
  0x2b, 0x14, 0x0a, 0xcc, 0x00, 0x00, 0x00, 0x00, 0x00, 0x00, 0x00, 0x00, 0x00, 0x00, 0x00, 0x00,
  0x00, 0x00, 0x00, 0x00, 0x00, 0x00, 0x00, 0x00, 0x00, 0x00, 0x00, 0x00, 0x2b, 0x14, 0x0a, 0xcc,
  0x3d, 0x21, 0x10, 0xff, 0x75, 0x4a, 0x24, 0xff, 0x20, 0x10, 0x08, 0xff, 0x2a, 0x16, 0x0a, 0xff,
  0x2a, 0x16, 0x0a, 0xff, 0x2a, 0x16, 0x0a, 0xff, 0x2a, 0x16, 0x0a, 0xff, 0x2a, 0x16, 0x0a, 0xff,
  0x2a, 0x16, 0x0a, 0xff, 0x1b, 0x0d, 0x06, 0xff, 0x43, 0x22, 0x10, 0xff, 0x4a, 0x25, 0x12, 0xff,
  0x4a, 0x25, 0x12, 0xff, 0x4a, 0x25, 0x12, 0xff, 0x4a, 0x25, 0x12, 0xff, 0x4a, 0x25, 0x12, 0xff,
  0x4a, 0x25, 0x12, 0xff, 0x4a, 0x25, 0x12, 0xff, 0x4a, 0x25, 0x12, 0xff, 0x4a, 0x25, 0x12, 0xff,
  0x4a, 0x25, 0x12, 0xff, 0x4a, 0x25, 0x12, 0xff, 0x4a, 0x25, 0x12, 0xff, 0x4a, 0x25, 0x12, 0xff,
  0x4a, 0x25, 0x12, 0xff, 0x4a, 0x25, 0x12, 0xff, 0x4a, 0x25, 0x12, 0xff, 0x4a, 0x25, 0x12, 0xff,
  0x4a, 0x25, 0x12, 0xff, 0x4a, 0x25, 0x12, 0xff, 0x4a, 0x25, 0x12, 0xff, 0x4a, 0x25, 0x12, 0xff,
  0x4a, 0x25, 0x12, 0xff, 0x4a, 0x25, 0x12, 0xff, 0x4a, 0x25, 0x12, 0xff, 0x4a, 0x25, 0x12, 0xff,
  0x4a, 0x25, 0x12, 0xff, 0x4a, 0x25, 0x12, 0xff, 0x4a, 0x25, 0x12, 0xff, 0x4a, 0x25, 0x12, 0xff,
  0x4a, 0x25, 0x12, 0xff, 0x4a, 0x25, 0x12, 0xff, 0x4a, 0x25, 0x12, 0xff, 0x4a, 0x25, 0x12, 0xff,
  0x4a, 0x25, 0x12, 0xff, 0x43, 0x21, 0x10, 0xff, 0x1b, 0x0d, 0x06, 0xff, 0x2a, 0x16, 0x0a, 0xff,
  0x2a, 0x16, 0x0a, 0xff, 0x2a, 0x16, 0x0a, 0xff, 0x2a, 0x16, 0x0a, 0xff, 0x2a, 0x16, 0x0a, 0xff,
  0x2a, 0x16, 0x0a, 0xff, 0x1e, 0x0f, 0x07, 0xff, 0x63, 0x39, 0x1a, 0xff, 0x38, 0x1d, 0x0e, 0xff,
  0x2b, 0x14, 0x0a, 0xcc, 0x00, 0x00, 0x00, 0x00, 0x00, 0x00, 0x00, 0x00, 0x00, 0x00, 0x00, 0x00,
  0x00, 0x00, 0x00, 0x00, 0x00, 0x00, 0x00, 0x00, 0x00, 0x00, 0x00, 0x00, 0x2b, 0x14, 0x0a, 0xcc,
  0x3c, 0x21, 0x10, 0xff, 0x5c, 0x39, 0x1c, 0xff, 0x22, 0x12, 0x08, 0xff, 0x2a, 0x16, 0x0a, 0xff,
  0x2a, 0x16, 0x0a, 0xff, 0x2a, 0x16, 0x0a, 0xff, 0x2a, 0x16, 0x0a, 0xff, 0x2a, 0x16, 0x0a, 0xff,
  0x2a, 0x16, 0x0a, 0xff, 0x20, 0x10, 0x07, 0xff, 0x36, 0x1b, 0x0d, 0xff, 0x4a, 0x25, 0x12, 0xff,
  0x4a, 0x25, 0x12, 0xff, 0x4a, 0x25, 0x12, 0xff, 0x4a, 0x25, 0x12, 0xff, 0x4a, 0x25, 0x12, 0xff,
  0x4a, 0x25, 0x12, 0xff, 0x4a, 0x25, 0x12, 0xff, 0x4a, 0x25, 0x12, 0xff, 0x4a, 0x25, 0x12, 0xff,
  0x4a, 0x25, 0x12, 0xff, 0x4a, 0x25, 0x12, 0xff, 0x4a, 0x25, 0x12, 0xff, 0x4a, 0x25, 0x12, 0xff,
  0x4a, 0x25, 0x12, 0xff, 0x4a, 0x25, 0x12, 0xff, 0x4a, 0x25, 0x12, 0xff, 0x4a, 0x25, 0x12, 0xff,
  0x4a, 0x25, 0x12, 0xff, 0x4a, 0x25, 0x12, 0xff, 0x4a, 0x25, 0x12, 0xff, 0x4a, 0x25, 0x12, 0xff,
  0x4a, 0x25, 0x12, 0xff, 0x4a, 0x25, 0x12, 0xff, 0x4a, 0x25, 0x12, 0xff, 0x4a, 0x25, 0x12, 0xff,
  0x4a, 0x25, 0x12, 0xff, 0x4a, 0x25, 0x12, 0xff, 0x4a, 0x25, 0x12, 0xff, 0x4a, 0x25, 0x12, 0xff,
  0x4a, 0x25, 0x12, 0xff, 0x4a, 0x25, 0x12, 0xff, 0x4a, 0x25, 0x12, 0xff, 0x4a, 0x25, 0x12, 0xff,
  0x4a, 0x25, 0x12, 0xff, 0x36, 0x1b, 0x0d, 0xff, 0x20, 0x11, 0x07, 0xff, 0x2a, 0x16, 0x0a, 0xff,
  0x2a, 0x16, 0x0a, 0xff, 0x2a, 0x16, 0x0a, 0xff, 0x2a, 0x16, 0x0a, 0xff, 0x2a, 0x16, 0x0a, 0xff,
  0x2a, 0x16, 0x0a, 0xff, 0x21, 0x11, 0x08, 0xff, 0x4d, 0x2c, 0x15, 0xff, 0x38, 0x1c, 0x0e, 0xff,
  0x2b, 0x14, 0x0a, 0xcc, 0x00, 0x00, 0x00, 0x00, 0x00, 0x00, 0x00, 0x00, 0x00, 0x00, 0x00, 0x00,
  0x00, 0x00, 0x00, 0x00, 0x00, 0x00, 0x00, 0x00, 0x00, 0x00, 0x00, 0x00, 0x2b, 0x14, 0x0a, 0xcc,
  0x3c, 0x21, 0x10, 0xff, 0x5b, 0x38, 0x1c, 0xff, 0x22, 0x12, 0x08, 0xff, 0x2a, 0x16, 0x0a, 0xff,
  0x2a, 0x16, 0x0a, 0xff, 0x2a, 0x16, 0x0a, 0xff, 0x2a, 0x16, 0x0a, 0xff, 0x2a, 0x16, 0x0a, 0xff,
  0x2a, 0x16, 0x0a, 0xff, 0x22, 0x12, 0x08, 0xff, 0x5a, 0x37, 0x1b, 0xff, 0x7f, 0x4e, 0x27, 0xff,
  0x7f, 0x4e, 0x26, 0xff, 0x7e, 0x4e, 0x26, 0xff, 0x7e, 0x4d, 0x26, 0xff, 0x7d, 0x4d, 0x26, 0xff,
  0x7d, 0x4d, 0x25, 0xff, 0x7d, 0x4c, 0x25, 0xff, 0x7c, 0x4c, 0x25, 0xff, 0x7c, 0x4b, 0x25, 0xff,
  0x7b, 0x4b, 0x25, 0xff, 0x7b, 0x4b, 0x24, 0xff, 0x7a, 0x4a, 0x24, 0xff, 0x7a, 0x4a, 0x24, 0xff,
  0x7a, 0x4a, 0x24, 0xff, 0x79, 0x49, 0x24, 0xff, 0x79, 0x49, 0x23, 0xff, 0x78, 0x48, 0x23, 0xff,
  0x78, 0x48, 0x23, 0xff, 0x77, 0x48, 0x23, 0xff, 0x77, 0x47, 0x22, 0xff, 0x77, 0x47, 0x22, 0xff,
  0x76, 0x47, 0x22, 0xff, 0x76, 0x46, 0x22, 0xff, 0x75, 0x46, 0x22, 0xff, 0x75, 0x45, 0x21, 0xff,
  0x74, 0x45, 0x21, 0xff, 0x74, 0x45, 0x21, 0xff, 0x74, 0x44, 0x21, 0xff, 0x73, 0x44, 0x21, 0xff,
  0x73, 0x44, 0x20, 0xff, 0x72, 0x43, 0x20, 0xff, 0x72, 0x43, 0x20, 0xff, 0x71, 0x42, 0x20, 0xff,
  0x71, 0x42, 0x1f, 0xff, 0x50, 0x2e, 0x15, 0xff, 0x21, 0x11, 0x08, 0xff, 0x2a, 0x16, 0x0a, 0xff,
  0x2a, 0x16, 0x0a, 0xff, 0x2a, 0x16, 0x0a, 0xff, 0x2a, 0x16, 0x0a, 0xff, 0x2a, 0x16, 0x0a, 0xff,
  0x2a, 0x16, 0x0a, 0xff, 0x21, 0x11, 0x08, 0xff, 0x4d, 0x2c, 0x14, 0xff, 0x38, 0x1c, 0x0e, 0xff,
  0x2b, 0x14, 0x0a, 0xcc, 0x00, 0x00, 0x00, 0x00, 0x00, 0x00, 0x00, 0x00, 0x00, 0x00, 0x00, 0x00,
  0x00, 0x00, 0x00, 0x00, 0x00, 0x00, 0x00, 0x00, 0x00, 0x00, 0x00, 0x00, 0x2b, 0x14, 0x0a, 0xcc,
  0x3c, 0x20, 0x10, 0xff, 0x75, 0x49, 0x23, 0xff, 0x1f, 0x10, 0x08, 0xff, 0x2a, 0x16, 0x0a, 0xff,
  0x2a, 0x16, 0x0a, 0xff, 0x2a, 0x16, 0x0a, 0xff, 0x2a, 0x16, 0x0a, 0xff, 0x2a, 0x16, 0x0a, 0xff,
  0x2a, 0x16, 0x0a, 0xff, 0x1f, 0x10, 0x08, 0xff, 0x72, 0x46, 0x22, 0xff, 0x7f, 0x4e, 0x26, 0xff,
  0x7e, 0x4e, 0x26, 0xff, 0x7e, 0x4d, 0x26, 0xff, 0x7d, 0x4d, 0x26, 0xff, 0x7d, 0x4d, 0x25, 0xff,
  0x7d, 0x4c, 0x25, 0xff, 0x7c, 0x4c, 0x25, 0xff, 0x7c, 0x4b, 0x25, 0xff, 0x7b, 0x4b, 0x25, 0xff,
  0x7b, 0x4b, 0x24, 0xff, 0x7a, 0x4a, 0x24, 0xff, 0x7a, 0x4a, 0x24, 0xff, 0x7a, 0x4a, 0x24, 0xff,
  0x79, 0x49, 0x24, 0xff, 0x79, 0x49, 0x23, 0xff, 0x78, 0x48, 0x23, 0xff, 0x78, 0x48, 0x23, 0xff,
  0x77, 0x48, 0x23, 0xff, 0x77, 0x47, 0x22, 0xff, 0x77, 0x47, 0x22, 0xff, 0x76, 0x47, 0x22, 0xff,
  0x76, 0x46, 0x22, 0xff, 0x75, 0x46, 0x22, 0xff, 0x75, 0x45, 0x21, 0xff, 0x74, 0x45, 0x21, 0xff,
  0x74, 0x45, 0x21, 0xff, 0x74, 0x44, 0x21, 0xff, 0x73, 0x44, 0x21, 0xff, 0x73, 0x44, 0x20, 0xff,
  0x72, 0x43, 0x20, 0xff, 0x72, 0x43, 0x20, 0xff, 0x71, 0x42, 0x20, 0xff, 0x71, 0x42, 0x1f, 0xff,
  0x71, 0x42, 0x1f, 0xff, 0x64, 0x3a, 0x1b, 0xff, 0x1e, 0x0f, 0x07, 0xff, 0x2a, 0x16, 0x0a, 0xff,
  0x2a, 0x16, 0x0a, 0xff, 0x2a, 0x16, 0x0a, 0xff, 0x2a, 0x16, 0x0a, 0xff, 0x2a, 0x16, 0x0a, 0xff,
  0x2a, 0x16, 0x0a, 0xff, 0x1e, 0x0f, 0x07, 0xff, 0x61, 0x38, 0x1a, 0xff, 0x38, 0x1c, 0x0e, 0xff,
  0x2b, 0x14, 0x0a, 0xcc, 0x00, 0x00, 0x00, 0x00, 0x00, 0x00, 0x00, 0x00, 0x00, 0x00, 0x00, 0x00,
  0x00, 0x00, 0x00, 0x00, 0x00, 0x00, 0x00, 0x00, 0x00, 0x00, 0x00, 0x00, 0x2b, 0x15, 0x0a, 0xba,
  0x34, 0x1b, 0x0e, 0xfd, 0x82, 0x51, 0x28, 0xff, 0x3b, 0x23, 0x11, 0xff, 0x22, 0x12, 0x08, 0xff,
  0x2a, 0x16, 0x0a, 0xff, 0x2a, 0x16, 0x0a, 0xff, 0x2a, 0x16, 0x0a, 0xff, 0x2a, 0x16, 0x0a, 0xff,
  0x21, 0x11, 0x08, 0xff, 0x41, 0x26, 0x13, 0xff, 0x7f, 0x4e, 0x26, 0xff, 0x7e, 0x4e, 0x26, 0xff,
  0x7e, 0x4d, 0x26, 0xff, 0x7d, 0x4d, 0x26, 0xff, 0x7d, 0x4d, 0x25, 0xff, 0x7c, 0x4c, 0x25, 0xff,
  0x7c, 0x4c, 0x25, 0xff, 0x7c, 0x4b, 0x25, 0xff, 0x7b, 0x4b, 0x25, 0xff, 0x7b, 0x4b, 0x24, 0xff,
  0x7a, 0x4a, 0x24, 0xff, 0x7a, 0x4a, 0x24, 0xff, 0x79, 0x4a, 0x24, 0xff, 0x79, 0x49, 0x24, 0xff,
  0x79, 0x49, 0x23, 0xff, 0x78, 0x48, 0x23, 0xff, 0x78, 0x48, 0x23, 0xff, 0x77, 0x48, 0x23, 0xff,
  0x77, 0x47, 0x22, 0xff, 0x76, 0x47, 0x22, 0xff, 0x76, 0x47, 0x22, 0xff, 0x76, 0x46, 0x22, 0xff,
  0x75, 0x46, 0x22, 0xff, 0x75, 0x45, 0x21, 0xff, 0x74, 0x45, 0x21, 0xff, 0x74, 0x45, 0x21, 0xff,
  0x73, 0x44, 0x21, 0xff, 0x73, 0x44, 0x21, 0xff, 0x73, 0x44, 0x20, 0xff, 0x72, 0x43, 0x20, 0xff,
  0x72, 0x43, 0x20, 0xff, 0x71, 0x42, 0x20, 0xff, 0x71, 0x42, 0x1f, 0xff, 0x70, 0x42, 0x1f, 0xff,
  0x70, 0x41, 0x1f, 0xff, 0x70, 0x41, 0x1f, 0xff, 0x34, 0x1d, 0x0e, 0xff, 0x21, 0x11, 0x08, 0xff,
  0x2a, 0x16, 0x0a, 0xff, 0x2a, 0x16, 0x0a, 0xff, 0x2a, 0x16, 0x0a, 0xff, 0x2a, 0x16, 0x0a, 0xff,
  0x20, 0x10, 0x07, 0xff, 0x39, 0x1f, 0x0f, 0xff, 0x6c, 0x3e, 0x1d, 0xff, 0x32, 0x18, 0x0c, 0xfd,
  0x29, 0x15, 0x0a, 0xb9, 0x00, 0x00, 0x00, 0x00, 0x00, 0x00, 0x00, 0x00, 0x00, 0x00, 0x00, 0x00,
  0x00, 0x00, 0x00, 0x00, 0x00, 0x00, 0x00, 0x00, 0x00, 0x00, 0x00, 0x00, 0x2b, 0x14, 0x09, 0x89,
  0x2b, 0x14, 0x0a, 0xfe, 0x6a, 0x40, 0x20, 0xff, 0x7f, 0x4f, 0x27, 0xff, 0x42, 0x27, 0x13, 0xff,
  0x1f, 0x10, 0x08, 0xff, 0x21, 0x12, 0x08, 0xff, 0x21, 0x12, 0x08, 0xff, 0x1f, 0x10, 0x08, 0xff,
  0x41, 0x26, 0x13, 0xff, 0x7d, 0x4c, 0x25, 0xff, 0x7e, 0x4e, 0x26, 0xff, 0x7e, 0x4d, 0x26, 0xff,
  0x7d, 0x4d, 0x26, 0xff, 0x7d, 0x4d, 0x25, 0xff, 0x7c, 0x4c, 0x25, 0xff, 0x7c, 0x4c, 0x25, 0xff,
  0x7c, 0x4b, 0x25, 0xff, 0x7b, 0x4b, 0x25, 0xff, 0x7b, 0x4b, 0x24, 0xff, 0x7a, 0x4a, 0x24, 0xff,
  0x7a, 0x4a, 0x24, 0xff, 0x79, 0x4a, 0x24, 0xff, 0x79, 0x49, 0x24, 0xff, 0x79, 0x49, 0x23, 0xff,
  0x78, 0x48, 0x23, 0xff, 0x78, 0x48, 0x23, 0xff, 0x77, 0x48, 0x23, 0xff, 0x77, 0x47, 0x22, 0xff,
  0x76, 0x47, 0x22, 0xff, 0x76, 0x47, 0x22, 0xff, 0x76, 0x46, 0x22, 0xff, 0x75, 0x46, 0x22, 0xff,
  0x75, 0x45, 0x21, 0xff, 0x74, 0x45, 0x21, 0xff, 0x74, 0x45, 0x21, 0xff, 0x73, 0x44, 0x21, 0xff,
  0x73, 0x44, 0x21, 0xff, 0x73, 0x44, 0x20, 0xff, 0x72, 0x43, 0x20, 0xff, 0x72, 0x43, 0x20, 0xff,
  0x71, 0x42, 0x20, 0xff, 0x71, 0x42, 0x1f, 0xff, 0x70, 0x42, 0x1f, 0xff, 0x70, 0x41, 0x1f, 0xff,
  0x70, 0x41, 0x1f, 0xff, 0x6f, 0x41, 0x1f, 0xff, 0x6c, 0x3e, 0x1d, 0xff, 0x3a, 0x20, 0x0f, 0xff,
  0x1e, 0x0f, 0x07, 0xff, 0x21, 0x11, 0x08, 0xff, 0x21, 0x11, 0x08, 0xff, 0x1e, 0x0f, 0x07, 0xff,
  0x39, 0x1f, 0x0f, 0xff, 0x6a, 0x3d, 0x1c, 0xff, 0x59, 0x32, 0x18, 0xff, 0x2b, 0x14, 0x0a, 0xfe,
  0x2b, 0x14, 0x09, 0x89, 0x00, 0x00, 0x00, 0x00, 0x00, 0x00, 0x00, 0x00, 0x00, 0x00, 0x00, 0x00,
  0x00, 0x00, 0x00, 0x00, 0x00, 0x00, 0x00, 0x00, 0x00, 0x00, 0x00, 0x00, 0x26, 0x1a, 0x0d, 0x14,
  0x2b, 0x15, 0x0a, 0xea, 0x2b, 0x14, 0x0a, 0xfe, 0x35, 0x1b, 0x0e, 0xfd, 0x3c, 0x20, 0x10, 0xff,
  0x37, 0x1d, 0x0e, 0xff, 0x2d, 0x18, 0x0b, 0xff, 0x2d, 0x18, 0x0b, 0xff, 0x36, 0x1d, 0x0e, 0xff,
  0x3b, 0x20, 0x10, 0xff, 0x3b, 0x20, 0x10, 0xff, 0x3b, 0x1f, 0x10, 0xff, 0x3b, 0x1f, 0x10, 0xff,
  0x3b, 0x1f, 0x0f, 0xff, 0x3b, 0x1f, 0x0f, 0xff, 0x3b, 0x1f, 0x0f, 0xff, 0x3b, 0x1f, 0x0f, 0xff,
  0x3b, 0x1f, 0x0f, 0xff, 0x3b, 0x1f, 0x0f, 0xff, 0x3a, 0x1f, 0x0f, 0xff, 0x3a, 0x1f, 0x0f, 0xff,
  0x3a, 0x1f, 0x0f, 0xff, 0x3a, 0x1f, 0x0f, 0xff, 0x3a, 0x1f, 0x0f, 0xff, 0x3a, 0x1e, 0x0f, 0xff,
  0x3a, 0x1e, 0x0f, 0xff, 0x3a, 0x1e, 0x0f, 0xff, 0x3a, 0x1e, 0x0f, 0xff, 0x3a, 0x1e, 0x0f, 0xff,
  0x3a, 0x1e, 0x0f, 0xff, 0x3a, 0x1e, 0x0f, 0xff, 0x39, 0x1e, 0x0f, 0xff, 0x39, 0x1e, 0x0f, 0xff,
  0x39, 0x1e, 0x0f, 0xff, 0x39, 0x1e, 0x0f, 0xff, 0x39, 0x1e, 0x0f, 0xff, 0x39, 0x1e, 0x0f, 0xff,
  0x39, 0x1e, 0x0e, 0xff, 0x39, 0x1d, 0x0e, 0xff, 0x39, 0x1d, 0x0e, 0xff, 0x39, 0x1d, 0x0e, 0xff,
  0x39, 0x1d, 0x0e, 0xff, 0x38, 0x1d, 0x0e, 0xff, 0x38, 0x1d, 0x0e, 0xff, 0x38, 0x1d, 0x0e, 0xff,
  0x38, 0x1d, 0x0e, 0xff, 0x38, 0x1d, 0x0e, 0xff, 0x38, 0x1d, 0x0e, 0xff, 0x38, 0x1d, 0x0e, 0xff,
  0x33, 0x1b, 0x0c, 0xff, 0x2a, 0x16, 0x0a, 0xff, 0x2b, 0x15, 0x0a, 0xff, 0x33, 0x1a, 0x0c, 0xff,
  0x38, 0x1c, 0x0e, 0xff, 0x32, 0x18, 0x0c, 0xfd, 0x2b, 0x14, 0x0a, 0xfe, 0x2b, 0x15, 0x0a, 0xea,
  0x26, 0x1a, 0x0d, 0x14, 0x00, 0x00, 0x00, 0x00, 0x00, 0x00, 0x00, 0x00, 0x00, 0x00, 0x00, 0x00,
  0x00, 0x00, 0x00, 0x00, 0x00, 0x00, 0x00, 0x00, 0x00, 0x00, 0x00, 0x00, 0x00, 0x00, 0x00, 0x00,
  0x26, 0x1a, 0x0d, 0x14, 0x2a, 0x14, 0x09, 0x8a, 0x2b, 0x15, 0x0a, 0xba, 0x2b, 0x14, 0x0a, 0xcc,
  0x28, 0x13, 0x09, 0xff, 0x28, 0x13, 0x09, 0xff, 0x28, 0x13, 0x09, 0xff, 0x28, 0x13, 0x09, 0xff,
  0x28, 0x13, 0x09, 0xff, 0x28, 0x13, 0x09, 0xff, 0x28, 0x13, 0x09, 0xff, 0x28, 0x13, 0x09, 0xff,
  0x28, 0x13, 0x09, 0xff, 0x28, 0x13, 0x09, 0xff, 0x28, 0x13, 0x09, 0xff, 0x28, 0x13, 0x09, 0xff,
  0x28, 0x13, 0x09, 0xff, 0x28, 0x13, 0x09, 0xff, 0x28, 0x13, 0x09, 0xff, 0x28, 0x13, 0x09, 0xff,
  0x28, 0x13, 0x09, 0xff, 0x28, 0x13, 0x09, 0xff, 0x28, 0x13, 0x09, 0xff, 0x28, 0x13, 0x09, 0xff,
  0x28, 0x13, 0x09, 0xff, 0x28, 0x13, 0x09, 0xff, 0x28, 0x13, 0x09, 0xff, 0x28, 0x13, 0x09, 0xff,
  0x28, 0x13, 0x09, 0xff, 0x28, 0x13, 0x09, 0xff, 0x28, 0x13, 0x09, 0xff, 0x28, 0x13, 0x09, 0xff,
  0x28, 0x13, 0x09, 0xff, 0x28, 0x13, 0x09, 0xff, 0x28, 0x13, 0x09, 0xff, 0x28, 0x13, 0x09, 0xff,
  0x28, 0x13, 0x09, 0xff, 0x28, 0x13, 0x09, 0xff, 0x28, 0x13, 0x09, 0xff, 0x28, 0x13, 0x09, 0xff,
  0x28, 0x13, 0x09, 0xff, 0x28, 0x13, 0x09, 0xff, 0x28, 0x13, 0x09, 0xff, 0x28, 0x13, 0x09, 0xff,
  0x28, 0x13, 0x09, 0xff, 0x28, 0x13, 0x09, 0xff, 0x28, 0x13, 0x09, 0xff, 0x28, 0x13, 0x09, 0xff,
  0x28, 0x13, 0x09, 0xff, 0x28, 0x13, 0x09, 0xff, 0x28, 0x13, 0x09, 0xff, 0x28, 0x13, 0x09, 0xff,
  0x2b, 0x14, 0x0a, 0xcc, 0x2b, 0x15, 0x0a, 0xba, 0x2a, 0x14, 0x09, 0x8a, 0x26, 0x1a, 0x0d, 0x14,
  0x00, 0x00, 0x00, 0x00, 0x00, 0x00, 0x00, 0x00, 0x00, 0x00, 0x00, 0x00, 0x00, 0x00, 0x00, 0x00,
  0x00, 0x00, 0x00, 0x00, 0x00, 0x00, 0x00, 0x00, 0x00, 0x00, 0x00, 0x00, 0x00, 0x00, 0x00, 0x00,
  0x00, 0x00, 0x00, 0x00, 0x00, 0x00, 0x00, 0x00, 0x00, 0x00, 0x00, 0x00, 0x00, 0x00, 0x00, 0x00,
  0x1e, 0x0e, 0x06, 0xff, 0x1e, 0x0e, 0x06, 0xff, 0x1e, 0x0e, 0x06, 0xff, 0x1e, 0x0e, 0x06, 0xff,
  0x1e, 0x0e, 0x06, 0xff, 0x1e, 0x0e, 0x06, 0xff, 0x1e, 0x0e, 0x06, 0xff, 0x1e, 0x0e, 0x06, 0xff,
  0x1e, 0x0e, 0x06, 0xff, 0x1e, 0x0e, 0x06, 0xff, 0x1e, 0x0e, 0x06, 0xff, 0x1e, 0x0e, 0x06, 0xff,
  0x1e, 0x0e, 0x06, 0xff, 0x1e, 0x0e, 0x06, 0xff, 0x1e, 0x0e, 0x06, 0xff, 0x1e, 0x0e, 0x06, 0xff,
  0x1e, 0x0e, 0x06, 0xff, 0x1e, 0x0e, 0x06, 0xff, 0x1e, 0x0e, 0x06, 0xff, 0x1e, 0x0e, 0x06, 0xff,
  0x1e, 0x0e, 0x06, 0xff, 0x1e, 0x0e, 0x06, 0xff, 0x1e, 0x0e, 0x06, 0xff, 0x1e, 0x0e, 0x06, 0xff,
  0x1e, 0x0e, 0x06, 0xff, 0x1e, 0x0e, 0x06, 0xff, 0x1e, 0x0e, 0x06, 0xff, 0x1e, 0x0e, 0x06, 0xff,
  0x1e, 0x0e, 0x06, 0xff, 0x1e, 0x0e, 0x06, 0xff, 0x1e, 0x0e, 0x06, 0xff, 0x1e, 0x0e, 0x06, 0xff,
  0x1e, 0x0e, 0x06, 0xff, 0x1e, 0x0e, 0x06, 0xff, 0x1e, 0x0e, 0x06, 0xff, 0x1e, 0x0e, 0x06, 0xff,
  0x1e, 0x0e, 0x06, 0xff, 0x1e, 0x0e, 0x06, 0xff, 0x1e, 0x0e, 0x06, 0xff, 0x1e, 0x0e, 0x06, 0xff,
  0x1e, 0x0e, 0x06, 0xff, 0x1e, 0x0e, 0x06, 0xff, 0x1e, 0x0e, 0x06, 0xff, 0x1e, 0x0e, 0x06, 0xff,
  0x1e, 0x0e, 0x06, 0xff, 0x1e, 0x0e, 0x06, 0xff, 0x1e, 0x0e, 0x06, 0xff, 0x1e, 0x0e, 0x06, 0xff,
  0x00, 0x00, 0x00, 0x00, 0x00, 0x00, 0x00, 0x00, 0x00, 0x00, 0x00, 0x00, 0x00, 0x00, 0x00, 0x00,
  0x00, 0x00, 0x00, 0x00, 0x00, 0x00, 0x00, 0x00, 0x00, 0x00, 0x00, 0x00, 0x00, 0x00, 0x00, 0x00,
  0x00, 0x00, 0x00, 0x00, 0x00, 0x00, 0x00, 0x00, 0x00, 0x00, 0x00, 0x00, 0x00, 0x00, 0x00, 0x00,
  0x00, 0x00, 0x00, 0x00, 0x00, 0x00, 0x00, 0x00, 0x00, 0x00, 0x00, 0x00, 0x00, 0x00, 0x00, 0x00,
  0x1e, 0x0e, 0x07, 0xc3, 0x1e, 0x0e, 0x06, 0xff, 0x1e, 0x0e, 0x06, 0xff, 0x1e, 0x0e, 0x06, 0xff,
  0x1e, 0x0e, 0x06, 0xff, 0x1e, 0x0e, 0x06, 0xff, 0x1e, 0x0e, 0x06, 0xff, 0x1e, 0x0e, 0x06, 0xff,
  0x1e, 0x0e, 0x06, 0xff, 0x1e, 0x0e, 0x06, 0xff, 0x1e, 0x0e, 0x06, 0xff, 0x1e, 0x0e, 0x06, 0xff,
  0x1e, 0x0e, 0x06, 0xff, 0x1e, 0x0e, 0x06, 0xff, 0x1e, 0x0e, 0x06, 0xff, 0x1e, 0x0e, 0x06, 0xff,
  0x1e, 0x0e, 0x06, 0xff, 0x1e, 0x0e, 0x06, 0xff, 0x1e, 0x0e, 0x06, 0xff, 0x1e, 0x0e, 0x06, 0xff,
  0x1e, 0x0e, 0x06, 0xff, 0x1e, 0x0e, 0x06, 0xff, 0x1e, 0x0e, 0x06, 0xff, 0x1e, 0x0e, 0x06, 0xff,
  0x1e, 0x0e, 0x06, 0xff, 0x1e, 0x0e, 0x06, 0xff, 0x1e, 0x0e, 0x06, 0xff, 0x1e, 0x0e, 0x06, 0xff,
  0x1e, 0x0e, 0x06, 0xff, 0x1e, 0x0e, 0x06, 0xff, 0x1e, 0x0e, 0x06, 0xff, 0x1e, 0x0e, 0x06, 0xff,
  0x1e, 0x0e, 0x06, 0xff, 0x1e, 0x0e, 0x06, 0xff, 0x1e, 0x0e, 0x06, 0xff, 0x1e, 0x0e, 0x06, 0xff,
  0x1e, 0x0e, 0x06, 0xff, 0x1e, 0x0e, 0x06, 0xff, 0x1e, 0x0e, 0x06, 0xff, 0x1e, 0x0e, 0x06, 0xff,
  0x1e, 0x0e, 0x06, 0xff, 0x1e, 0x0e, 0x06, 0xff, 0x1e, 0x0e, 0x06, 0xff, 0x1e, 0x0e, 0x06, 0xff,
  0x1e, 0x0e, 0x06, 0xff, 0x1e, 0x0e, 0x06, 0xff, 0x1e, 0x0e, 0x06, 0xff, 0x1e, 0x0e, 0x07, 0xc2,
  0x00, 0x00, 0x00, 0x00, 0x00, 0x00, 0x00, 0x00, 0x00, 0x00, 0x00, 0x00, 0x00, 0x00, 0x00, 0x00,
  0x00, 0x00, 0x00, 0x00, 0x00, 0x00, 0x00, 0x00, 0x00, 0x00, 0x00, 0x00, 0x00, 0x00, 0x00, 0x00,
  0x00, 0x00, 0x00, 0x00, 0x00, 0x00, 0x00, 0x00, 0x00, 0x00, 0x00, 0x00, 0x00, 0x00, 0x00, 0x00,
  0x00, 0x00, 0x00, 0x00, 0x00, 0x00, 0x00, 0x00, 0x00, 0x00, 0x00, 0x00, 0x00, 0x00, 0x00, 0x00,
  0x00, 0x00, 0x00, 0x00, 0x00, 0x00, 0x00, 0x00, 0x00, 0x00, 0x00, 0x00, 0x00, 0x00, 0x00, 0x00,
  0x00, 0x00, 0x00, 0x00, 0x00, 0x00, 0x00, 0x00, 0x00, 0x00, 0x00, 0x00, 0x00, 0x00, 0x00, 0x00,
  0x00, 0x00, 0x00, 0x00, 0x00, 0x00, 0x00, 0x00, 0x00, 0x00, 0x00, 0x00, 0x00, 0x00, 0x00, 0x00,
  0x00, 0x00, 0x00, 0x00, 0x00, 0x00, 0x00, 0x00, 0x00, 0x00, 0x00, 0x00, 0x00, 0x00, 0x00, 0x00,
  0x00, 0x00, 0x00, 0x00, 0x00, 0x00, 0x00, 0x00, 0x00, 0x00, 0x00, 0x00, 0x00, 0x00, 0x00, 0x00,
  0x00, 0x00, 0x00, 0x00, 0x00, 0x00, 0x00, 0x00, 0x00, 0x00, 0x00, 0x00, 0x00, 0x00, 0x00, 0x00,
  0x00, 0x00, 0x00, 0x00, 0x00, 0x00, 0x00, 0x00, 0x00, 0x00, 0x00, 0x00, 0x00, 0x00, 0x00, 0x00,
  0x00, 0x00, 0x00, 0x00, 0x00, 0x00, 0x00, 0x00, 0x00, 0x00, 0x00, 0x00, 0x00, 0x00, 0x00, 0x00,
  0x00, 0x00, 0x00, 0x00, 0x00, 0x00, 0x00, 0x00, 0x00, 0x00, 0x00, 0x00, 0x00, 0x00, 0x00, 0x00,
  0x00, 0x00, 0x00, 0x00, 0x00, 0x00, 0x00, 0x00, 0x00, 0x00, 0x00, 0x00, 0x00, 0x00, 0x00, 0x00,
  0x00, 0x00, 0x00, 0x00, 0x00, 0x00, 0x00, 0x00, 0x00, 0x00, 0x00, 0x00, 0x00, 0x00, 0x00, 0x00,
  0x00, 0x00, 0x00, 0x00, 0x00, 0x00, 0x00, 0x00, 0x00, 0x00, 0x00, 0x00, 0x00, 0x00, 0x00, 0x00,
  0x00, 0x00, 0x00, 0x00, 0x00, 0x00, 0x00, 0x00, 0x00, 0x00, 0x00, 0x00, 0x00, 0x00, 0x00, 0x00,
  0x00, 0x00, 0x00, 0x00, 0x00, 0x00, 0x00, 0x00, 0x00, 0x00, 0x00, 0x00, 0x00, 0x00, 0x00, 0x00,
  0x00, 0x00, 0x00, 0x00, 0x00, 0x00, 0x00, 0x00, 0x00, 0x00, 0x00, 0x00, 0x00, 0x00, 0x00, 0x00,
  0x00, 0x00, 0x00, 0x00, 0x00, 0x00, 0x00, 0x00, 0x00, 0x00, 0x00, 0x00, 0x00, 0x00, 0x00, 0x00,
  0x00, 0x00, 0x00, 0x00, 0x00, 0x00, 0x00, 0x00, 0x00, 0x00, 0x00, 0x00, 0x00, 0x00, 0x00, 0x00,
  0x00, 0x00, 0x00, 0x00, 0x00, 0x00, 0x00, 0x00, 0x00, 0x00, 0x00, 0x00, 0x00, 0x00, 0x00, 0x00,
  0x00, 0x00, 0x00, 0x00, 0x00, 0x00, 0x00, 0x00, 0x00, 0x00, 0x00, 0x00, 0x00, 0x00, 0x00, 0x00,
  0x00, 0x00, 0x00, 0x00, 0x00, 0x00, 0x00, 0x00, 0x00, 0x00, 0x00, 0x00, 0x00, 0x00, 0x00, 0x00,
  0x00, 0x00, 0x00, 0x00, 0x00, 0x00, 0x00, 0x00, 0x00, 0x00, 0x00, 0x00, 0x00, 0x00, 0x00, 0x00,
  0x00, 0x00, 0x00, 0x00, 0x00, 0x00, 0x00, 0x00, 0x00, 0x00, 0x00, 0x00, 0x00, 0x00, 0x00, 0x00,
  0x00, 0x00, 0x00, 0x00, 0x00, 0x00, 0x00, 0x00, 0x00, 0x00, 0x00, 0x00, 0x00, 0x00, 0x00, 0x00,
  0x00, 0x00, 0x00, 0x00, 0x00, 0x00, 0x00, 0x00, 0x00, 0x00, 0x00, 0x00, 0x00, 0x00, 0x00, 0x00,
  0x00, 0x00, 0x00, 0x00, 0x00, 0x00, 0x00, 0x00, 0x00, 0x00, 0x00, 0x00, 0x00, 0x00, 0x00, 0x00,
  0x00, 0x00, 0x00, 0x00, 0x00, 0x00, 0x00, 0x00, 0x00, 0x00, 0x00, 0x00, 0x00, 0x00, 0x00, 0x00,
  0x00, 0x00, 0x00, 0x00, 0x00, 0x00, 0x00, 0x00, 0x00, 0x00, 0x00, 0x00, 0x00, 0x00, 0x00, 0x00,
  0x00, 0x00, 0x00, 0x00, 0x00, 0x00, 0x00, 0x00, 0x00, 0x00, 0x00, 0x00, 0x00, 0x00, 0x00, 0x00,
  0x00, 0x00, 0x00, 0x00, 0x00, 0x00, 0x00, 0x00, 0x00, 0x00, 0x00, 0x00, 0x00, 0x00, 0x00, 0x00,
  0x00, 0x00, 0x00, 0x00, 0x00, 0x00, 0x00, 0x00, 0x00, 0x00, 0x00, 0x00, 0x00, 0x00, 0x00, 0x00,
  0x00, 0x00, 0x00, 0x00, 0x00, 0x00, 0x00, 0x00, 0x00, 0x00, 0x00, 0x00, 0x00, 0x00, 0x00, 0x00,
  0x00, 0x00, 0x00, 0x00, 0x00, 0x00, 0x00, 0x00, 0x00, 0x00, 0x00, 0x00, 0x00, 0x00, 0x00, 0x00,
  0x00, 0x00, 0x00, 0x00, 0x00, 0x00, 0x00, 0x00, 0x00, 0x00, 0x00, 0x00, 0x00, 0x00, 0x00, 0x00,
  0x00, 0x00, 0x00, 0x00, 0x00, 0x00, 0x00, 0x00, 0x00, 0x00, 0x00, 0x00, 0x00, 0x00, 0x00, 0x00,
  0x00, 0x00, 0x00, 0x00, 0x00, 0x00, 0x00, 0x00, 0x00, 0x00, 0x00, 0x00, 0x00, 0x00, 0x00, 0x00,
  0x00, 0x00, 0x00, 0x00, 0x00, 0x00, 0x00, 0x00, 0x00, 0x00, 0x00, 0x00, 0x00, 0x00, 0x00, 0x00,
  0x00, 0x00, 0x00, 0x00, 0x00, 0x00, 0x00, 0x00, 0x00, 0x00, 0x00, 0x00, 0x00, 0x00, 0x00, 0x00,
  0x00, 0x00, 0x00, 0x00, 0x00, 0x00, 0x00, 0x00, 0x00, 0x00, 0x00, 0x00, 0x00, 0x00, 0x00, 0x00,
  0x00, 0x00, 0x00, 0x00, 0x00, 0x00, 0x00, 0x00, 0x00, 0x00, 0x00, 0x00, 0x00, 0x00, 0x00, 0x00,
  0x00, 0x00, 0x00, 0x00, 0x00, 0x00, 0x00, 0x00, 0x00, 0x00, 0x00, 0x00, 0x00, 0x00, 0x00, 0x00,
  0x00, 0x00, 0x00, 0x00, 0x00, 0x00, 0x00, 0x00, 0x00, 0x00, 0x00, 0x00, 0x00, 0x00, 0x00, 0x00,
  0x00, 0x00, 0x00, 0x00, 0x00, 0x00, 0x00, 0x00, 0x00, 0x00, 0x00, 0x00, 0x00, 0x00, 0x00, 0x00,
  0x00, 0x00, 0x00, 0x00, 0x00, 0x00, 0x00, 0x00, 0x00, 0x00, 0x00, 0x00, 0x00, 0x00, 0x00, 0x00,
  0x00, 0x00, 0x00, 0x00, 0x00, 0x00, 0x00, 0x00, 0x00, 0x00, 0x00, 0x00, 0x00, 0x00, 0x00, 0x00,
  0x00, 0x00, 0x00, 0x00, 0x00, 0x00, 0x00, 0x00, 0x00, 0x00, 0x00, 0x00, 0x00, 0x00, 0x00, 0x00,
  0x00, 0x00, 0x00, 0x00, 0x00, 0x00, 0x00, 0x00, 0x00, 0x00, 0x00, 0x00, 0x00, 0x00, 0x00, 0x00,
};
